{
    "dataBinding": {
        "/webapp/view/1462210599979_S0.view.xml": {
            "entitySet": "/EmployeeSet"
        }, 
        "/webapp/view/1462210606937_S1.view.xml": {
            "entitySet": "/EmployeeSet"
        }, 
        "/webapp/view/1462210609575_S2.view.xml": {
            "entitySet": "/EmployeeSet"
        }, 
        "/webapp/view/AgregarTareas.view.xml": {
            "entitySet": "/TaskSet"
        }, 
        "/webapp/view/DetalleTareas.view.xml": {
            "entitySet": "/TaskSet"
        }, 
        "/webapp/view/AgregarCapacitacion.view.xml": {
            "entitySet": "/CapacitacionesSet"
        }, 
        "/webapp/view/DetalleCapacitaciones.view.xml": {
            "entitySet": "/CapacitacionesSet"
        } 
    }
}