{"static":{},"combined":{"EmployeeSet":[{"ID":"E1","Genero":"Miss","Nombre":"Luz Elizabeth","Apellido":"Garcia","NombreCompleto":"Luz Elizabeth Garcia","Cargo":"Gerente","FotoPerfil":"assets/uno.jpg","Ciudad":"Villavicencio","Telefono":"3208191324","Cedula":"40.374.960","CorreoElectronico":"l.garcia@centals.com","EPS":"Medimas","hasmanager":true,"___FK_d2081ce807d6b07f15706cc7_00031":"E3","___FK_d2081ce807d6b07f15706cc7_00033":"E4","___FK_d2081ce807d6b07f15706cc7_00041":"C1","NumTareas":null,"___FK_e792372c4ec8d96015706cfe_00004":"T1","___FK_b14b72388be5029c157abc24_00005":"592"},{"ID":"E2","Genero":"Miss","Nombre":"Sandra","Apellido":"Fontecha Pabon","NombreCompleto":"Sandra Fontecha Pabon","Cargo":"Administradora","FotoPerfil":"assets/dos.jpg","Ciudad":"Villanueva","Telefono":"3008907654","Cedula":"39.949.640","CorreoElectronico":"s.fontecha@centals.com","EPS":"Medimas","hasmanager":true,"___FK_d2081ce807d6b07f15706cc7_00031":"E2","___FK_d2081ce807d6b07f15706cc7_00033":"E1","___FK_d2081ce807d6b07f15706cc7_00041":"C2","NumTareas":null,"___FK_e792372c4ec8d96015706cfe_00004":"T2","___FK_b14b72388be5029c157abc24_00005":"169"},{"ID":"E3","Genero":"Miss","Nombre":"Andrades","Apellido":"Barrerto","NombreCompleto":"Andrades Barrerto","Cargo":"Auxiliar HSE","FotoPerfil":"assets/tres.jpg","Ciudad":"Villanueva","Telefono":"3007865567","Cedula":"7.062.802","CorreoElectronico":"a.barrerto@centals.com","EPS":"Medimas","hasmanager":true,"___FK_d2081ce807d6b07f15706cc7_00031":null,"___FK_d2081ce807d6b07f15706cc7_00033":"E1","___FK_d2081ce807d6b07f15706cc7_00041":"C1","NumTareas":null,"___FK_e792372c4ec8d96015706cfe_00004":"T3","___FK_b14b72388be5029c157abc24_00005":"169"},{"ID":"E4","Genero":"Miss","Nombre":"Lizeth Gabriela","Apellido":"Beltran Martinez","NombreCompleto":"Lizeth Gabriela Beltran Martinez","Cargo":"Auxiliar Contable","FotoPerfil":"assets/cuatro.jpg","Ciudad":"Villanueva","Telefono":"3109098790","Cedula":"1,118,202,123","CorreoElectronico":"l.beltran@centals.com","EPS":"Medimas","hasmanager":false,"___FK_d2081ce807d6b07f15706cc7_00031":"E12","___FK_d2081ce807d6b07f15706cc7_00033":"E2","___FK_d2081ce807d6b07f15706cc7_00041":"C4","NumTareas":null,"___FK_e792372c4ec8d96015706cfe_00004":"T4","___FK_b14b72388be5029c157abc24_00005":"169"},{"ID":"E5","Genero":"Miss","Nombre":"Deyiz Lizeth","Apellido":"Caicedo Garcia","NombreCompleto":"Deyiz Lizeth Caicedo Garcia","Cargo":"Ingeniera Ambiental","FotoPerfil":"assets/cinco.jpg","Ciudad":"Villanueva","Telefono":"3184505612","Cedula":"1,121,951,357","CorreoElectronico":"d.caicedo@centals.com","EPS":"Medimas","hasmanager":true,"___FK_d2081ce807d6b07f15706cc7_00031":null,"___FK_d2081ce807d6b07f15706cc7_00033":"E6","___FK_d2081ce807d6b07f15706cc7_00041":"C5","NumTareas":null,"___FK_e792372c4ec8d96015706cfe_00004":"T5","___FK_b14b72388be5029c157abc24_00005":"169"},{"ID":"E6","Genero":"Mister ","Nombre":"Ricardo Andres","Apellido":"Becerra","NombreCompleto":"Ricardo Andres Becerra","Cargo":"Conductor Supernumerario","FotoPerfil":"assets/seis.jpg","Ciudad":"Tauramena","Telefono":"3046712121","Cedula":"7,062,586","CorreoElectronico":"r.becerra@centals.com","EPS":"Nueva EPS","hasmanager":true,"___FK_d2081ce807d6b07f15706cc7_00031":"E8","___FK_d2081ce807d6b07f15706cc7_00033":"E4","___FK_d2081ce807d6b07f15706cc7_00041":"C5","NumTareas":null,"___FK_e792372c4ec8d96015706cfe_00004":"T6","___FK_b14b72388be5029c157abc24_00005":"842"},{"ID":"E7","Genero":"Mister ","Nombre":"Jhon Fredy","Apellido":"Correa","NombreCompleto":"Jhon Fredy Correa","Cargo":"Conductor Supernumerario","FotoPerfil":"assets/siete.jpg","Ciudad":"Tauramena","Telefono":"3108906712","Cedula":"1,115,911,517","CorreoElectronico":"j.correa@centals.com","EPS":"Medimas","hasmanager":true,"___FK_d2081ce807d6b07f15706cc7_00031":null,"___FK_d2081ce807d6b07f15706cc7_00033":"E6","___FK_d2081ce807d6b07f15706cc7_00041":"C3","NumTareas":null,"___FK_e792372c4ec8d96015706cfe_00004":"T7","___FK_b14b72388be5029c157abc24_00005":"842"},{"ID":"E8","Genero":"Mister ","Nombre":"Yeferson","Apellido":"Gonzales Martinez","NombreCompleto":"Yeferson Gonzales Martinez","Cargo":"Conductor Supernumerario","FotoPerfil":"assets/ocho.jpg","Ciudad":"Villanueva","Telefono":"3001904567","Cedula":"1,118,201,696","CorreoElectronico":"y.gonzales@centals.com","EPS":"Nueva EPS","hasmanager":true,"___FK_d2081ce807d6b07f15706cc7_00031":null,"___FK_d2081ce807d6b07f15706cc7_00033":"E6","___FK_d2081ce807d6b07f15706cc7_00041":"C10","NumTareas":null,"___FK_e792372c4ec8d96015706cfe_00004":"T8","___FK_b14b72388be5029c157abc24_00005":"169"},{"ID":"E9","Genero":"Mister ","Nombre":"Javier Humberto","Apellido":"Esquivel","NombreCompleto":"Javier Humberto Esquivel","Cargo":"Conductor Supernumerario","FotoPerfil":"assets/nueve.jpg","Ciudad":"Villavicencio","Telefono":"3189012156","Cedula":"1,121,821,187","CorreoElectronico":"j.esquivel@centals.com","EPS":"Medimas","hasmanager":true,"___FK_d2081ce807d6b07f15706cc7_00031":null,"___FK_d2081ce807d6b07f15706cc7_00033":"E2","___FK_d2081ce807d6b07f15706cc7_00041":"C11","NumTareas":null,"___FK_e792372c4ec8d96015706cfe_00004":"T9","___FK_b14b72388be5029c157abc24_00005":"592"},{"ID":"E10","Genero":"Mister ","Nombre":"Jhon Stiven","Apellido":"Pachon","NombreCompleto":"Jhon Stiven Pachon","Cargo":"Auxiliar Operativo","FotoPerfil":"assets/diez.jpg","Ciudad":"Villanueva","Telefono":"3007891212","Cedula":"1,006,534,105","CorreoElectronico":"j.pachon@centals.com","EPS":"Copresoca","hasmanager":true,"___FK_d2081ce807d6b07f15706cc7_00031":null,"___FK_d2081ce807d6b07f15706cc7_00033":"E12","___FK_d2081ce807d6b07f15706cc7_00041":"C1","NumTareas":null,"___FK_e792372c4ec8d96015706cfe_00004":"T10","___FK_b14b72388be5029c157abc24_00005":"169"},{"ID":"E11","Genero":"Mister ","Nombre":"Miguel ","Apellido":"Becerra Martinez","NombreCompleto":"Miguel  Becerra Martinez","Cargo":"Conductor Supernumerario","FotoPerfil":"assets/once.jpg","Ciudad":"Villanueva","Telefono":"3207654381","Cedula":"7,062,842","CorreoElectronico":"m.becerra@centals.com","EPS":"Nueva EPS","hasmanager":true,"___FK_d2081ce807d6b07f15706cc7_00031":null,"___FK_d2081ce807d6b07f15706cc7_00033":"E12","___FK_d2081ce807d6b07f15706cc7_00041":"C1","NumTareas":null,"___FK_e792372c4ec8d96015706cfe_00004":"T11","___FK_b14b72388be5029c157abc24_00005":"169"},{"ID":"E12","Genero":"Mister ","Nombre":"Mario Orlando","Apellido":"Wilches","NombreCompleto":"Mario Orlando Wilches","Cargo":"Conductor","FotoPerfil":"assets/doce.jpg","Ciudad":"Tunja","Telefono":"3104096712","Cedula":"7.184.864","CorreoElectronico":"m.wilches@centals.com","EPS":"Medimas","hasmanager":true,"___FK_d2081ce807d6b07f15706cc7_00031":"E11","___FK_d2081ce807d6b07f15706cc7_00033":"E4","___FK_d2081ce807d6b07f15706cc7_00041":"C1","NumTareas":null,"___FK_e792372c4ec8d96015706cfe_00004":"T12","___FK_b14b72388be5029c157abc24_00005":"170"}],"TaskSet":[{"ID":"T1","Nombre":"Recolección de residuos","Nodes":[{"ID":"E1","Nombre":"Luz Elizabeth"}]},{"ID":"T2","Nombre":"Transporte de residuos","Nodes":[{"ID":"E2","Nombre":"Sandra"}]},{"ID":"T3","Nombre":"Separación de residuos","Nodes":[{"ID":"E3","Nombre":"Andrades"}]},{"ID":"T4","Nombre":"Asignar tareas","Nodes":[{"ID":"E4","Nombre":"Lizeth Gabriela"}]},{"ID":"T5","Nombre":"Revisión estado tareas","Nodes":[{"ID":"E5","Nombre":"Deyiz Lizeth"}]},{"ID":"T6","Nombre":"Revisar objetivos del mes","Nodes":[{"ID":"E6","Nombre":"Ricardo Andres"}]},{"ID":"T7","Nombre":"Pago nomina","Nodes":[{"ID":"E7","Nombre":"Jhon Fredy"}]},{"ID":"T8","Nombre":"Revisar estado vehiculos","Nodes":[{"ID":"E8","Nombre":"Yeferson"}]},{"ID":"T9","Nombre":"Revisar contratos empresas","Nodes":[{"ID":"E9","Nombre":"Javier Humberto"}]},{"ID":"T10","Nombre":"Inspeccion bodega","Nodes":[{"ID":"E10","Nombre":"Jhon Stiven"}]},{"ID":"T11","Nombre":"Alquiler baños portatiles","Nodes":[{"ID":"E11","Nombre":"Miguel "}]},{"ID":"T12","Nombre":"Revisar normatividad","Nodes":[{"ID":"E12","Nombre":"Mario Orlando"}]}],"CiudadSet":[{"ID":"1","Nombre":"Medellín"},{"ID":"2","Nombre":"Abejorral"},{"ID":"3","Nombre":"Abriaquí"},{"ID":"4","Nombre":"Alejandría"},{"ID":"5","Nombre":"Amagá"},{"ID":"6","Nombre":"Amalfi"},{"ID":"7","Nombre":"Andes"},{"ID":"8","Nombre":"Angelópolis"},{"ID":"9","Nombre":"Angostura"},{"ID":"10","Nombre":"Anorí"},{"ID":"11","Nombre":"Tununguá"},{"ID":"12","Nombre":"Anza"},{"ID":"13","Nombre":"Apartadó"},{"ID":"14","Nombre":"Arboletes"},{"ID":"15","Nombre":"Argelia"},{"ID":"16","Nombre":"Armenia"},{"ID":"17","Nombre":"Barbosa"},{"ID":"18","Nombre":"Bello"},{"ID":"19","Nombre":"Betania"},{"ID":"20","Nombre":"Betulia"},{"ID":"21","Nombre":"Ciudad Bolívar"},{"ID":"22","Nombre":"Briceño"},{"ID":"23","Nombre":"Buriticá"},{"ID":"24","Nombre":"Cáceres"},{"ID":"25","Nombre":"Caicedo"},{"ID":"26","Nombre":"Caldas"},{"ID":"27","Nombre":"Campamento"},{"ID":"28","Nombre":"Cañasgordas"},{"ID":"29","Nombre":"Caracolí"},{"ID":"30","Nombre":"Caramanta"},{"ID":"31","Nombre":"Carepa"},{"ID":"32","Nombre":"Motavita"},{"ID":"33","Nombre":"Carolina"},{"ID":"34","Nombre":"Caucasia"},{"ID":"35","Nombre":"Chigorodó"},{"ID":"36","Nombre":"Cisneros"},{"ID":"37","Nombre":"Cocorná"},{"ID":"38","Nombre":"Concepción"},{"ID":"39","Nombre":"Concordia"},{"ID":"40","Nombre":"Copacabana"},{"ID":"41","Nombre":"Dabeiba"},{"ID":"42","Nombre":"Don Matías"},{"ID":"43","Nombre":"Ebéjico"},{"ID":"44","Nombre":"El Bagre"},{"ID":"45","Nombre":"Entrerrios"},{"ID":"46","Nombre":"Envigado"},{"ID":"47","Nombre":"Fredonia"},{"ID":"48","Nombre":"San Bernardo del Viento"},{"ID":"49","Nombre":"Giraldo"},{"ID":"50","Nombre":"Girardota"},{"ID":"51","Nombre":"Gómez Plata"},{"ID":"52","Nombre":"Istmina"},{"ID":"53","Nombre":"Guadalupe"},{"ID":"54","Nombre":"Guarne"},{"ID":"55","Nombre":"Guatapé"},{"ID":"56","Nombre":"Heliconia"},{"ID":"57","Nombre":"Hispania"},{"ID":"58","Nombre":"Itagui"},{"ID":"59","Nombre":"Ituango"},{"ID":"60","Nombre":"Belmira"},{"ID":"61","Nombre":"Jericó"},{"ID":"62","Nombre":"La Ceja"},{"ID":"63","Nombre":"La Estrella"},{"ID":"64","Nombre":"La Pintada"},{"ID":"65","Nombre":"La Unión"},{"ID":"66","Nombre":"Liborina"},{"ID":"67","Nombre":"Maceo"},{"ID":"68","Nombre":"Marinilla"},{"ID":"69","Nombre":"Montebello"},{"ID":"70","Nombre":"Murindó"},{"ID":"71","Nombre":"Mutatá"},{"ID":"72","Nombre":"Nariño"},{"ID":"73","Nombre":"Necoclí"},{"ID":"74","Nombre":"Nechí"},{"ID":"75","Nombre":"Olaya"},{"ID":"76","Nombre":"Peñol"},{"ID":"77","Nombre":"Peque"},{"ID":"78","Nombre":"Pueblorrico"},{"ID":"79","Nombre":"Puerto Berrío"},{"ID":"80","Nombre":"Puerto Nare"},{"ID":"81","Nombre":"Puerto Triunfo"},{"ID":"82","Nombre":"Remedios"},{"ID":"83","Nombre":"Retiro"},{"ID":"84","Nombre":"Rionegro"},{"ID":"85","Nombre":"Sabanalarga"},{"ID":"86","Nombre":"Sabaneta"},{"ID":"87","Nombre":"Salgar"},{"ID":"88","Nombre":"Ciénega"},{"ID":"89","Nombre":"Santacruz"},{"ID":"90","Nombre":"San Francisco"},{"ID":"91","Nombre":"San Jerónimo"},{"ID":"92","Nombre":"Puerto Wilches"},{"ID":"93","Nombre":"Puerto Parra"},{"ID":"94","Nombre":"San Luis"},{"ID":"95","Nombre":"San Pedro"},{"ID":"96","Nombre":"San Rafael"},{"ID":"97","Nombre":"San Roque"},{"ID":"98","Nombre":"San Vicente"},{"ID":"99","Nombre":"Santa Bárbara"},{"ID":"100","Nombre":"Santo Domingo"},{"ID":"101","Nombre":"El Santuario"},{"ID":"102","Nombre":"Segovia"},{"ID":"103","Nombre":"Sopetrán"},{"ID":"104","Nombre":"Támesis"},{"ID":"105","Nombre":"Tarazá"},{"ID":"106","Nombre":"Tarso"},{"ID":"107","Nombre":"Titiribí"},{"ID":"108","Nombre":"Toledo"},{"ID":"109","Nombre":"Turbo"},{"ID":"110","Nombre":"Uramita"},{"ID":"111","Nombre":"Urrao"},{"ID":"112","Nombre":"Valdivia"},{"ID":"113","Nombre":"Valparaíso"},{"ID":"114","Nombre":"Vegachí"},{"ID":"115","Nombre":"Venecia"},{"ID":"116","Nombre":"Yalí"},{"ID":"117","Nombre":"Yarumal"},{"ID":"118","Nombre":"Yolombó"},{"ID":"119","Nombre":"Yondó"},{"ID":"120","Nombre":"Zaragoza"},{"ID":"121","Nombre":"Barranquilla"},{"ID":"122","Nombre":"Baranoa"},{"ID":"123","Nombre":"Candelaria"},{"ID":"124","Nombre":"Galapa"},{"ID":"125","Nombre":"Luruaco"},{"ID":"126","Nombre":"Malambo"},{"ID":"127","Nombre":"Manatí"},{"ID":"128","Nombre":"Piojó"},{"ID":"129","Nombre":"Polonuevo"},{"ID":"130","Nombre":"Sabanagrande"},{"ID":"131","Nombre":"Sabanalarga"},{"ID":"132","Nombre":"Santa Lucía"},{"ID":"133","Nombre":"Santo Tomás"},{"ID":"134","Nombre":"Soledad"},{"ID":"135","Nombre":"Suan"},{"ID":"136","Nombre":"Tubará"},{"ID":"137","Nombre":"Usiacurí"},{"ID":"138","Nombre":"Achí"},{"ID":"139","Nombre":"Arenal"},{"ID":"140","Nombre":"Arjona"},{"ID":"141","Nombre":"Arroyohondo"},{"ID":"142","Nombre":"Calamar"},{"ID":"143","Nombre":"Cantagallo"},{"ID":"144","Nombre":"Cicuco"},{"ID":"145","Nombre":"Córdoba"},{"ID":"146","Nombre":"Clemencia"},{"ID":"147","Nombre":"El Guamo"},{"ID":"148","Nombre":"Magangué"},{"ID":"149","Nombre":"Mahates"},{"ID":"150","Nombre":"Margarita"},{"ID":"151","Nombre":"Montecristo"},{"ID":"152","Nombre":"Mompós"},{"ID":"153","Nombre":"Morales"},{"ID":"154","Nombre":"Norosí"},{"ID":"155","Nombre":"Pinillos"},{"ID":"156","Nombre":"Regidor"},{"ID":"157","Nombre":"Río Viejo"},{"ID":"158","Nombre":"San Estanislao"},{"ID":"159","Nombre":"San Fernando"},{"ID":"160","Nombre":"San Juan Nepomuceno"},{"ID":"161","Nombre":"Santa Catalina"},{"ID":"162","Nombre":"Santa Rosa"},{"ID":"163","Nombre":"Simití"},{"ID":"164","Nombre":"Soplaviento"},{"ID":"165","Nombre":"Talaigua Nuevo"},{"ID":"166","Nombre":"Tiquisio"},{"ID":"167","Nombre":"Turbaco"},{"ID":"168","Nombre":"Turbaná"},{"ID":"169","Nombre":"Villanueva"},{"ID":"170","Nombre":"Tunja"},{"ID":"171","Nombre":"Almeida"},{"ID":"172","Nombre":"Aquitania"},{"ID":"173","Nombre":"Arcabuco"},{"ID":"174","Nombre":"Berbeo"},{"ID":"175","Nombre":"Betéitiva"},{"ID":"176","Nombre":"Boavita"},{"ID":"177","Nombre":"Boyacá"},{"ID":"178","Nombre":"Briceño"},{"ID":"179","Nombre":"Buena Vista"},{"ID":"180","Nombre":"Busbanzá"},{"ID":"181","Nombre":"Caldas"},{"ID":"182","Nombre":"Campohermoso"},{"ID":"183","Nombre":"Cerinza"},{"ID":"184","Nombre":"Chinavita"},{"ID":"185","Nombre":"Chiquinquirá"},{"ID":"186","Nombre":"Chiscas"},{"ID":"187","Nombre":"Chita"},{"ID":"188","Nombre":"Chitaraque"},{"ID":"189","Nombre":"Chivatá"},{"ID":"190","Nombre":"Cómbita"},{"ID":"191","Nombre":"Coper"},{"ID":"192","Nombre":"Corrales"},{"ID":"193","Nombre":"Covarachía"},{"ID":"194","Nombre":"Cubará"},{"ID":"195","Nombre":"Cucaita"},{"ID":"196","Nombre":"Cuítiva"},{"ID":"197","Nombre":"Chíquiza"},{"ID":"198","Nombre":"Chivor"},{"ID":"199","Nombre":"Duitama"},{"ID":"200","Nombre":"El Cocuy"},{"ID":"201","Nombre":"El Espino"},{"ID":"202","Nombre":"Firavitoba"},{"ID":"203","Nombre":"Floresta"},{"ID":"204","Nombre":"Gachantivá"},{"ID":"205","Nombre":"Gameza"},{"ID":"206","Nombre":"Garagoa"},{"ID":"207","Nombre":"Guacamayas"},{"ID":"208","Nombre":"Guateque"},{"ID":"209","Nombre":"Guayatá"},{"ID":"210","Nombre":"Güicán"},{"ID":"211","Nombre":"Iza"},{"ID":"212","Nombre":"Jenesano"},{"ID":"213","Nombre":"Jericó"},{"ID":"214","Nombre":"Labranzagrande"},{"ID":"215","Nombre":"La Capilla"},{"ID":"216","Nombre":"La Victoria"},{"ID":"217","Nombre":"Macanal"},{"ID":"218","Nombre":"Maripí"},{"ID":"219","Nombre":"Miraflores"},{"ID":"220","Nombre":"Mongua"},{"ID":"221","Nombre":"Monguí"},{"ID":"222","Nombre":"Moniquirá"},{"ID":"223","Nombre":"Muzo"},{"ID":"224","Nombre":"Nobsa"},{"ID":"225","Nombre":"Nuevo Colón"},{"ID":"226","Nombre":"Oicatá"},{"ID":"227","Nombre":"Otanche"},{"ID":"228","Nombre":"Pachavita"},{"ID":"229","Nombre":"Páez"},{"ID":"230","Nombre":"Paipa"},{"ID":"231","Nombre":"Pajarito"},{"ID":"232","Nombre":"Panqueba"},{"ID":"233","Nombre":"Pauna"},{"ID":"234","Nombre":"Paya"},{"ID":"235","Nombre":"Pesca"},{"ID":"236","Nombre":"Pisba"},{"ID":"237","Nombre":"Puerto Boyacá"},{"ID":"238","Nombre":"Quípama"},{"ID":"239","Nombre":"Ramiriquí"},{"ID":"240","Nombre":"Ráquira"},{"ID":"241","Nombre":"Rondón"},{"ID":"242","Nombre":"Saboyá"},{"ID":"243","Nombre":"Sáchica"},{"ID":"244","Nombre":"Samacá"},{"ID":"245","Nombre":"San Eduardo"},{"ID":"246","Nombre":"San Mateo"},{"ID":"247","Nombre":"Santana"},{"ID":"248","Nombre":"Santa María"},{"ID":"249","Nombre":"Santa Sofía"},{"ID":"250","Nombre":"Sativanorte"},{"ID":"251","Nombre":"Sativasur"},{"ID":"252","Nombre":"Siachoque"},{"ID":"253","Nombre":"Soatá"},{"ID":"254","Nombre":"Socotá"},{"ID":"255","Nombre":"Socha"},{"ID":"256","Nombre":"Sogamoso"},{"ID":"257","Nombre":"Somondoco"},{"ID":"258","Nombre":"Sora"},{"ID":"259","Nombre":"Sotaquirá"},{"ID":"260","Nombre":"Soracá"},{"ID":"261","Nombre":"Susacón"},{"ID":"262","Nombre":"Sutamarchán"},{"ID":"263","Nombre":"Sutatenza"},{"ID":"264","Nombre":"Tasco"},{"ID":"265","Nombre":"Tenza"},{"ID":"266","Nombre":"Tibaná"},{"ID":"267","Nombre":"Tinjacá"},{"ID":"268","Nombre":"Tipacoque"},{"ID":"269","Nombre":"Toca"},{"ID":"270","Nombre":"Tópaga"},{"ID":"271","Nombre":"Tota"},{"ID":"272","Nombre":"Turmequé"},{"ID":"273","Nombre":"Tutazá"},{"ID":"274","Nombre":"Umbita"},{"ID":"275","Nombre":"Ventaquemada"},{"ID":"276","Nombre":"Viracachá"},{"ID":"277","Nombre":"Zetaquira"},{"ID":"278","Nombre":"Manizales"},{"ID":"279","Nombre":"Aguadas"},{"ID":"280","Nombre":"Anserma"},{"ID":"281","Nombre":"Aranzazu"},{"ID":"282","Nombre":"Belalcázar"},{"ID":"283","Nombre":"Chinchiná"},{"ID":"284","Nombre":"Filadelfia"},{"ID":"285","Nombre":"La Dorada"},{"ID":"286","Nombre":"La Merced"},{"ID":"287","Nombre":"Manzanares"},{"ID":"288","Nombre":"Marmato"},{"ID":"289","Nombre":"Marulanda"},{"ID":"290","Nombre":"Neira"},{"ID":"291","Nombre":"Norcasia"},{"ID":"292","Nombre":"Pácora"},{"ID":"293","Nombre":"Palestina"},{"ID":"294","Nombre":"Pensilvania"},{"ID":"295","Nombre":"Riosucio"},{"ID":"296","Nombre":"Risaralda"},{"ID":"297","Nombre":"Salamina"},{"ID":"298","Nombre":"Samaná"},{"ID":"299","Nombre":"San José"},{"ID":"300","Nombre":"Supía"},{"ID":"301","Nombre":"Victoria"},{"ID":"302","Nombre":"Villamaría"},{"ID":"303","Nombre":"Viterbo"},{"ID":"304","Nombre":"Florencia"},{"ID":"305","Nombre":"Albania"},{"ID":"306","Nombre":"Curillo"},{"ID":"307","Nombre":"El Doncello"},{"ID":"308","Nombre":"El Paujil"},{"ID":"309","Nombre":"Morelia"},{"ID":"310","Nombre":"Puerto Rico"},{"ID":"311","Nombre":"Solano"},{"ID":"312","Nombre":"Solita"},{"ID":"313","Nombre":"Valparaíso"},{"ID":"314","Nombre":"Popayán"},{"ID":"315","Nombre":"Almaguer"},{"ID":"316","Nombre":"Argelia"},{"ID":"317","Nombre":"Balboa"},{"ID":"318","Nombre":"Bolívar"},{"ID":"319","Nombre":"Buenos Aires"},{"ID":"320","Nombre":"Cajibío"},{"ID":"321","Nombre":"Caldono"},{"ID":"322","Nombre":"Caloto"},{"ID":"323","Nombre":"Corinto"},{"ID":"324","Nombre":"El Tambo"},{"ID":"325","Nombre":"Florencia"},{"ID":"326","Nombre":"Guachené"},{"ID":"327","Nombre":"Guapi"},{"ID":"328","Nombre":"Inzá"},{"ID":"329","Nombre":"Jambaló"},{"ID":"330","Nombre":"La Sierra"},{"ID":"331","Nombre":"La Vega"},{"ID":"332","Nombre":"López"},{"ID":"333","Nombre":"Mercaderes"},{"ID":"334","Nombre":"Miranda"},{"ID":"335","Nombre":"Morales"},{"ID":"336","Nombre":"Padilla"},{"ID":"337","Nombre":"Patía"},{"ID":"338","Nombre":"Piamonte"},{"ID":"339","Nombre":"Piendamó"},{"ID":"340","Nombre":"Puerto Tejada"},{"ID":"341","Nombre":"Puracé"},{"ID":"342","Nombre":"Rosas"},{"ID":"343","Nombre":"Santa Rosa"},{"ID":"344","Nombre":"Silvia"},{"ID":"345","Nombre":"Sotara"},{"ID":"346","Nombre":"Suárez"},{"ID":"347","Nombre":"Sucre"},{"ID":"348","Nombre":"Timbío"},{"ID":"349","Nombre":"Timbiquí"},{"ID":"350","Nombre":"Toribio"},{"ID":"351","Nombre":"Totoró"},{"ID":"352","Nombre":"Villa Rica"},{"ID":"353","Nombre":"Valledupar"},{"ID":"354","Nombre":"Aguachica"},{"ID":"355","Nombre":"Agustín Codazzi"},{"ID":"356","Nombre":"Astrea"},{"ID":"357","Nombre":"Becerril"},{"ID":"358","Nombre":"Bosconia"},{"ID":"359","Nombre":"Chimichagua"},{"ID":"360","Nombre":"Chiriguaná"},{"ID":"361","Nombre":"Curumaní"},{"ID":"362","Nombre":"El Copey"},{"ID":"363","Nombre":"El Paso"},{"ID":"364","Nombre":"Gamarra"},{"ID":"365","Nombre":"González"},{"ID":"366","Nombre":"La Gloria"},{"ID":"367","Nombre":"Manaure"},{"ID":"368","Nombre":"Pailitas"},{"ID":"369","Nombre":"Pelaya"},{"ID":"370","Nombre":"Pueblo Bello"},{"ID":"371","Nombre":"La Paz"},{"ID":"372","Nombre":"San Alberto"},{"ID":"373","Nombre":"San Diego"},{"ID":"374","Nombre":"San Martín"},{"ID":"375","Nombre":"Tamalameque"},{"ID":"376","Nombre":"Montería"},{"ID":"377","Nombre":"Ayapel"},{"ID":"378","Nombre":"Buenavista"},{"ID":"379","Nombre":"Canalete"},{"ID":"380","Nombre":"Cereté"},{"ID":"381","Nombre":"Chimá"},{"ID":"382","Nombre":"Chinú"},{"ID":"383","Nombre":"Cotorra"},{"ID":"384","Nombre":"Lorica"},{"ID":"385","Nombre":"Los Córdobas"},{"ID":"386","Nombre":"Momil"},{"ID":"387","Nombre":"Moñitos"},{"ID":"388","Nombre":"Planeta Rica"},{"ID":"389","Nombre":"Pueblo Nuevo"},{"ID":"390","Nombre":"Puerto Escondido"},{"ID":"391","Nombre":"Purísima"},{"ID":"392","Nombre":"Sahagún"},{"ID":"393","Nombre":"San Andrés Sotavento"},{"ID":"394","Nombre":"San Antero"},{"ID":"395","Nombre":"San Pelayo"},{"ID":"396","Nombre":"Tierralta"},{"ID":"397","Nombre":"Tuchín"},{"ID":"398","Nombre":"Valencia"},{"ID":"399","Nombre":"Anapoima"},{"ID":"400","Nombre":"Arbeláez"},{"ID":"401","Nombre":"Beltrán"},{"ID":"402","Nombre":"Bituima"},{"ID":"403","Nombre":"Bojacá"},{"ID":"404","Nombre":"Cabrera"},{"ID":"405","Nombre":"Cachipay"},{"ID":"406","Nombre":"Cajicá"},{"ID":"407","Nombre":"Caparrapí"},{"ID":"408","Nombre":"Caqueza"},{"ID":"409","Nombre":"Chaguaní"},{"ID":"410","Nombre":"Chipaque"},{"ID":"411","Nombre":"Choachí"},{"ID":"412","Nombre":"Chocontá"},{"ID":"413","Nombre":"Cogua"},{"ID":"414","Nombre":"Cota"},{"ID":"415","Nombre":"Cucunubá"},{"ID":"416","Nombre":"El Colegio"},{"ID":"417","Nombre":"El Rosal"},{"ID":"418","Nombre":"Fomeque"},{"ID":"419","Nombre":"Fosca"},{"ID":"420","Nombre":"Funza"},{"ID":"421","Nombre":"Fúquene"},{"ID":"422","Nombre":"Gachala"},{"ID":"423","Nombre":"Gachancipá"},{"ID":"424","Nombre":"Gachetá"},{"ID":"425","Nombre":"Girardot"},{"ID":"426","Nombre":"Granada"},{"ID":"427","Nombre":"Guachetá"},{"ID":"428","Nombre":"Guaduas"},{"ID":"429","Nombre":"Guasca"},{"ID":"430","Nombre":"Guataquí"},{"ID":"431","Nombre":"Guatavita"},{"ID":"432","Nombre":"Guayabetal"},{"ID":"433","Nombre":"Gutiérrez"},{"ID":"434","Nombre":"Jerusalén"},{"ID":"435","Nombre":"Junín"},{"ID":"436","Nombre":"La Calera"},{"ID":"437","Nombre":"La Mesa"},{"ID":"438","Nombre":"La Palma"},{"ID":"439","Nombre":"La Peña"},{"ID":"440","Nombre":"La Vega"},{"ID":"441","Nombre":"Lenguazaque"},{"ID":"442","Nombre":"Macheta"},{"ID":"443","Nombre":"Madrid"},{"ID":"444","Nombre":"Manta"},{"ID":"445","Nombre":"Medina"},{"ID":"446","Nombre":"Mosquera"},{"ID":"447","Nombre":"Nariño"},{"ID":"448","Nombre":"Nemocón"},{"ID":"449","Nombre":"Nilo"},{"ID":"450","Nombre":"Nimaima"},{"ID":"451","Nombre":"Nocaima"},{"ID":"452","Nombre":"Venecia"},{"ID":"453","Nombre":"Pacho"},{"ID":"454","Nombre":"Paime"},{"ID":"455","Nombre":"Pandi"},{"ID":"456","Nombre":"Paratebueno"},{"ID":"457","Nombre":"Pasca"},{"ID":"458","Nombre":"Puerto Salgar"},{"ID":"459","Nombre":"Pulí"},{"ID":"460","Nombre":"Quebradanegra"},{"ID":"461","Nombre":"Quetame"},{"ID":"462","Nombre":"Quipile"},{"ID":"463","Nombre":"Apulo"},{"ID":"464","Nombre":"Ricaurte"},{"ID":"465","Nombre":"San Bernardo"},{"ID":"466","Nombre":"San Cayetano"},{"ID":"467","Nombre":"San Francisco"},{"ID":"468","Nombre":"Sesquilé"},{"ID":"469","Nombre":"Sibaté"},{"ID":"470","Nombre":"Silvania"},{"ID":"471","Nombre":"Simijaca"},{"ID":"472","Nombre":"Soacha"},{"ID":"473","Nombre":"Subachoque"},{"ID":"474","Nombre":"Suesca"},{"ID":"475","Nombre":"Supatá"},{"ID":"476","Nombre":"Susa"},{"ID":"477","Nombre":"Sutatausa"},{"ID":"478","Nombre":"Tabio"},{"ID":"479","Nombre":"Tausa"},{"ID":"480","Nombre":"Tena"},{"ID":"481","Nombre":"Tenjo"},{"ID":"482","Nombre":"Tibacuy"},{"ID":"483","Nombre":"Tibirita"},{"ID":"484","Nombre":"Tocaima"},{"ID":"485","Nombre":"Tocancipá"},{"ID":"486","Nombre":"Topaipí"},{"ID":"487","Nombre":"Ubalá"},{"ID":"488","Nombre":"Ubaque"},{"ID":"489","Nombre":"Une"},{"ID":"490","Nombre":"Útica"},{"ID":"491","Nombre":"Vianí"},{"ID":"492","Nombre":"Villagómez"},{"ID":"493","Nombre":"Villapinzón"},{"ID":"494","Nombre":"Villeta"},{"ID":"495","Nombre":"Viotá"},{"ID":"496","Nombre":"Zipacón"},{"ID":"497","Nombre":"Quibdó"},{"ID":"498","Nombre":"Acandí"},{"ID":"499","Nombre":"Alto Baudo"},{"ID":"500","Nombre":"Atrato"},{"ID":"501","Nombre":"Bagadó"},{"ID":"502","Nombre":"Bahía Solano"},{"ID":"503","Nombre":"Bajo Baudó"},{"ID":"504","Nombre":"Bojaya"},{"ID":"505","Nombre":"Cértegui"},{"ID":"506","Nombre":"Condoto"},{"ID":"507","Nombre":"Juradó"},{"ID":"508","Nombre":"Lloró"},{"ID":"509","Nombre":"Medio Atrato"},{"ID":"510","Nombre":"Medio Baudó"},{"ID":"511","Nombre":"Medio San Juan"},{"ID":"512","Nombre":"Nóvita"},{"ID":"513","Nombre":"Nuquí"},{"ID":"514","Nombre":"Río Iro"},{"ID":"515","Nombre":"Río Quito"},{"ID":"516","Nombre":"Riosucio"},{"ID":"517","Nombre":"Sipí"},{"ID":"518","Nombre":"Unguía"},{"ID":"519","Nombre":"Neiva"},{"ID":"520","Nombre":"Acevedo"},{"ID":"521","Nombre":"Agrado"},{"ID":"522","Nombre":"Aipe"},{"ID":"523","Nombre":"Algeciras"},{"ID":"524","Nombre":"Altamira"},{"ID":"525","Nombre":"Baraya"},{"ID":"526","Nombre":"Campoalegre"},{"ID":"527","Nombre":"Colombia"},{"ID":"528","Nombre":"Elías"},{"ID":"529","Nombre":"Garzón"},{"ID":"530","Nombre":"Gigante"},{"ID":"531","Nombre":"Guadalupe"},{"ID":"532","Nombre":"Hobo"},{"ID":"533","Nombre":"Iquira"},{"ID":"534","Nombre":"Isnos"},{"ID":"535","Nombre":"La Argentina"},{"ID":"536","Nombre":"La Plata"},{"ID":"537","Nombre":"Nátaga"},{"ID":"538","Nombre":"Oporapa"},{"ID":"539","Nombre":"Paicol"},{"ID":"540","Nombre":"Palermo"},{"ID":"541","Nombre":"Palestina"},{"ID":"542","Nombre":"Pital"},{"ID":"543","Nombre":"Pitalito"},{"ID":"544","Nombre":"Rivera"},{"ID":"545","Nombre":"Saladoblanco"},{"ID":"546","Nombre":"Santa María"},{"ID":"547","Nombre":"Suaza"},{"ID":"548","Nombre":"Tarqui"},{"ID":"549","Nombre":"Tesalia"},{"ID":"550","Nombre":"Tello"},{"ID":"551","Nombre":"Teruel"},{"ID":"552","Nombre":"Timaná"},{"ID":"553","Nombre":"Villavieja"},{"ID":"554","Nombre":"Yaguará"},{"ID":"555","Nombre":"Riohacha"},{"ID":"556","Nombre":"Albania"},{"ID":"557","Nombre":"Barrancas"},{"ID":"558","Nombre":"Dibula"},{"ID":"559","Nombre":"Distracción"},{"ID":"560","Nombre":"El Molino"},{"ID":"561","Nombre":"Fonseca"},{"ID":"562","Nombre":"Hatonuevo"},{"ID":"563","Nombre":"Maicao"},{"ID":"564","Nombre":"Manaure"},{"ID":"565","Nombre":"Uribia"},{"ID":"566","Nombre":"Urumita"},{"ID":"567","Nombre":"Villanueva"},{"ID":"568","Nombre":"Santa Marta"},{"ID":"569","Nombre":"Algarrobo"},{"ID":"570","Nombre":"Aracataca"},{"ID":"571","Nombre":"Ariguaní"},{"ID":"572","Nombre":"Cerro San Antonio"},{"ID":"573","Nombre":"Chivolo"},{"ID":"574","Nombre":"Concordia"},{"ID":"575","Nombre":"El Banco"},{"ID":"576","Nombre":"El Piñon"},{"ID":"577","Nombre":"El Retén"},{"ID":"578","Nombre":"Fundación"},{"ID":"579","Nombre":"Guamal"},{"ID":"580","Nombre":"Nueva Granada"},{"ID":"581","Nombre":"Pedraza"},{"ID":"582","Nombre":"Pivijay"},{"ID":"583","Nombre":"Plato"},{"ID":"584","Nombre":"Remolino"},{"ID":"585","Nombre":"Salamina"},{"ID":"586","Nombre":"San Zenón"},{"ID":"587","Nombre":"Santa Ana"},{"ID":"588","Nombre":"Sitionuevo"},{"ID":"589","Nombre":"Tenerife"},{"ID":"590","Nombre":"Zapayán"},{"ID":"591","Nombre":"Zona Bananera"},{"ID":"592","Nombre":"Villavicencio"},{"ID":"593","Nombre":"Acacias"},{"ID":"594","Nombre":"Cabuyaro"},{"ID":"595","Nombre":"Cubarral"},{"ID":"596","Nombre":"Cumaral"},{"ID":"597","Nombre":"El Calvario"},{"ID":"598","Nombre":"El Castillo"},{"ID":"599","Nombre":"El Dorado"},{"ID":"600","Nombre":"Granada"},{"ID":"601","Nombre":"Guamal"},{"ID":"602","Nombre":"Mapiripán"},{"ID":"603","Nombre":"Mesetas"},{"ID":"604","Nombre":"La Macarena"},{"ID":"605","Nombre":"Uribe"},{"ID":"606","Nombre":"Lejanías"},{"ID":"607","Nombre":"Puerto Concordia"},{"ID":"608","Nombre":"Puerto Gaitán"},{"ID":"609","Nombre":"Puerto López"},{"ID":"610","Nombre":"Puerto Lleras"},{"ID":"611","Nombre":"Puerto Rico"},{"ID":"612","Nombre":"Restrepo"},{"ID":"613","Nombre":"San Juanito"},{"ID":"614","Nombre":"San Martín"},{"ID":"615","Nombre":"Vista Hermosa"},{"ID":"616","Nombre":"Pasto"},{"ID":"617","Nombre":"Albán"},{"ID":"618","Nombre":"Aldana"},{"ID":"619","Nombre":"Ancuyá"},{"ID":"620","Nombre":"Barbacoas"},{"ID":"621","Nombre":"Colón"},{"ID":"622","Nombre":"Consaca"},{"ID":"623","Nombre":"Contadero"},{"ID":"624","Nombre":"Córdoba"},{"ID":"625","Nombre":"Cuaspud"},{"ID":"626","Nombre":"Cumbal"},{"ID":"627","Nombre":"Cumbitara"},{"ID":"628","Nombre":"El Charco"},{"ID":"629","Nombre":"El Peñol"},{"ID":"630","Nombre":"El Rosario"},{"ID":"631","Nombre":"El Tambo"},{"ID":"632","Nombre":"Funes"},{"ID":"633","Nombre":"Guachucal"},{"ID":"634","Nombre":"Guaitarilla"},{"ID":"635","Nombre":"Gualmatán"},{"ID":"636","Nombre":"Iles"},{"ID":"637","Nombre":"Imués"},{"ID":"638","Nombre":"Ipiales"},{"ID":"639","Nombre":"La Cruz"},{"ID":"640","Nombre":"La Florida"},{"ID":"641","Nombre":"La Llanada"},{"ID":"642","Nombre":"La Tola"},{"ID":"643","Nombre":"La Unión"},{"ID":"644","Nombre":"Leiva"},{"ID":"645","Nombre":"Linares"},{"ID":"646","Nombre":"Los Andes"},{"ID":"647","Nombre":"Magüí"},{"ID":"648","Nombre":"Mallama"},{"ID":"649","Nombre":"Mosquera"},{"ID":"650","Nombre":"Nariño"},{"ID":"651","Nombre":"Olaya Herrera"},{"ID":"652","Nombre":"Ospina"},{"ID":"653","Nombre":"Francisco Pizarro"},{"ID":"654","Nombre":"Policarpa"},{"ID":"655","Nombre":"Potosí"},{"ID":"656","Nombre":"Providencia"},{"ID":"657","Nombre":"Puerres"},{"ID":"658","Nombre":"Pupiales"},{"ID":"659","Nombre":"Ricaurte"},{"ID":"660","Nombre":"Roberto Payán"},{"ID":"661","Nombre":"Samaniego"},{"ID":"662","Nombre":"Sandoná"},{"ID":"663","Nombre":"San Bernardo"},{"ID":"664","Nombre":"San Lorenzo"},{"ID":"665","Nombre":"San Pablo"},{"ID":"666","Nombre":"Santa Bárbara"},{"ID":"667","Nombre":"Sapuyes"},{"ID":"668","Nombre":"Taminango"},{"ID":"669","Nombre":"Tangua"},{"ID":"670","Nombre":"Túquerres"},{"ID":"671","Nombre":"Yacuanquer"},{"ID":"672","Nombre":"Armenia"},{"ID":"673","Nombre":"Buenavista"},{"ID":"674","Nombre":"Circasia"},{"ID":"675","Nombre":"Córdoba"},{"ID":"676","Nombre":"Filandia"},{"ID":"677","Nombre":"La Tebaida"},{"ID":"678","Nombre":"Montenegro"},{"ID":"679","Nombre":"Pijao"},{"ID":"680","Nombre":"Quimbaya"},{"ID":"681","Nombre":"Salento"},{"ID":"682","Nombre":"Pereira"},{"ID":"683","Nombre":"Apía"},{"ID":"684","Nombre":"Balboa"},{"ID":"685","Nombre":"Dosquebradas"},{"ID":"686","Nombre":"Guática"},{"ID":"687","Nombre":"La Celia"},{"ID":"688","Nombre":"La Virginia"},{"ID":"689","Nombre":"Marsella"},{"ID":"690","Nombre":"Mistrató"},{"ID":"691","Nombre":"Pueblo Rico"},{"ID":"692","Nombre":"Quinchía"},{"ID":"693","Nombre":"Santuario"},{"ID":"694","Nombre":"Bucaramanga"},{"ID":"695","Nombre":"Aguada"},{"ID":"696","Nombre":"Albania"},{"ID":"697","Nombre":"Aratoca"},{"ID":"698","Nombre":"Barbosa"},{"ID":"699","Nombre":"Barichara"},{"ID":"700","Nombre":"Barrancabermeja"},{"ID":"701","Nombre":"Betulia"},{"ID":"702","Nombre":"Bolívar"},{"ID":"703","Nombre":"Cabrera"},{"ID":"704","Nombre":"California"},{"ID":"705","Nombre":"Carcasí"},{"ID":"706","Nombre":"Cepitá"},{"ID":"707","Nombre":"Cerrito"},{"ID":"708","Nombre":"Charalá"},{"ID":"709","Nombre":"Charta"},{"ID":"710","Nombre":"Chipatá"},{"ID":"711","Nombre":"Cimitarra"},{"ID":"712","Nombre":"Concepción"},{"ID":"713","Nombre":"Confines"},{"ID":"714","Nombre":"Contratación"},{"ID":"715","Nombre":"Coromoro"},{"ID":"716","Nombre":"Curití"},{"ID":"717","Nombre":"El Guacamayo"},{"ID":"718","Nombre":"El Playón"},{"ID":"719","Nombre":"Encino"},{"ID":"720","Nombre":"Enciso"},{"ID":"721","Nombre":"Florián"},{"ID":"722","Nombre":"Floridablanca"},{"ID":"723","Nombre":"Galán"},{"ID":"724","Nombre":"Gambita"},{"ID":"725","Nombre":"Girón"},{"ID":"726","Nombre":"Guaca"},{"ID":"727","Nombre":"Guadalupe"},{"ID":"728","Nombre":"Guapotá"},{"ID":"729","Nombre":"Guavatá"},{"ID":"730","Nombre":"Güepsa"},{"ID":"731","Nombre":"Jesús María"},{"ID":"732","Nombre":"Jordán"},{"ID":"733","Nombre":"La Belleza"},{"ID":"734","Nombre":"Landázuri"},{"ID":"735","Nombre":"La Paz"},{"ID":"736","Nombre":"Lebríja"},{"ID":"737","Nombre":"Los Santos"},{"ID":"738","Nombre":"Macaravita"},{"ID":"739","Nombre":"Málaga"},{"ID":"740","Nombre":"Matanza"},{"ID":"741","Nombre":"Mogotes"},{"ID":"742","Nombre":"Molagavita"},{"ID":"743","Nombre":"Ocamonte"},{"ID":"744","Nombre":"Oiba"},{"ID":"745","Nombre":"Onzaga"},{"ID":"746","Nombre":"Palmar"},{"ID":"747","Nombre":"Páramo"},{"ID":"748","Nombre":"Piedecuesta"},{"ID":"749","Nombre":"Pinchote"},{"ID":"750","Nombre":"Puente Nacional"},{"ID":"751","Nombre":"Rionegro"},{"ID":"752","Nombre":"San Andrés"},{"ID":"753","Nombre":"San Gil"},{"ID":"754","Nombre":"San Joaquín"},{"ID":"755","Nombre":"San Miguel"},{"ID":"756","Nombre":"Santa Bárbara"},{"ID":"757","Nombre":"Simacota"},{"ID":"758","Nombre":"Socorro"},{"ID":"759","Nombre":"Suaita"},{"ID":"760","Nombre":"Sucre"},{"ID":"761","Nombre":"Suratá"},{"ID":"762","Nombre":"Tona"},{"ID":"763","Nombre":"Vélez"},{"ID":"764","Nombre":"Vetas"},{"ID":"765","Nombre":"Villanueva"},{"ID":"766","Nombre":"Zapatoca"},{"ID":"767","Nombre":"Sincelejo"},{"ID":"768","Nombre":"Buenavista"},{"ID":"769","Nombre":"Caimito"},{"ID":"770","Nombre":"Coloso"},{"ID":"771","Nombre":"Coveñas"},{"ID":"772","Nombre":"Chalán"},{"ID":"773","Nombre":"El Roble"},{"ID":"774","Nombre":"Galeras"},{"ID":"775","Nombre":"Guaranda"},{"ID":"776","Nombre":"La Unión"},{"ID":"777","Nombre":"Los Palmitos"},{"ID":"778","Nombre":"Majagual"},{"ID":"779","Nombre":"Morroa"},{"ID":"780","Nombre":"Ovejas"},{"ID":"781","Nombre":"Palmito"},{"ID":"782","Nombre":"San Benito Abad"},{"ID":"783","Nombre":"San Marcos"},{"ID":"784","Nombre":"San Onofre"},{"ID":"785","Nombre":"San Pedro"},{"ID":"786","Nombre":"Sucre"},{"ID":"787","Nombre":"Tolú Viejo"},{"ID":"788","Nombre":"Alpujarra"},{"ID":"789","Nombre":"Alvarado"},{"ID":"790","Nombre":"Ambalema"},{"ID":"791","Nombre":"Armero"},{"ID":"792","Nombre":"Ataco"},{"ID":"793","Nombre":"Cajamarca"},{"ID":"794","Nombre":"Chaparral"},{"ID":"795","Nombre":"Coello"},{"ID":"796","Nombre":"Coyaima"},{"ID":"797","Nombre":"Cunday"},{"ID":"798","Nombre":"Dolores"},{"ID":"799","Nombre":"Espinal"},{"ID":"800","Nombre":"Falan"},{"ID":"801","Nombre":"Flandes"},{"ID":"802","Nombre":"Fresno"},{"ID":"803","Nombre":"Guamo"},{"ID":"804","Nombre":"Herveo"},{"ID":"805","Nombre":"Honda"},{"ID":"806","Nombre":"Icononzo"},{"ID":"807","Nombre":"Mariquita"},{"ID":"808","Nombre":"Melgar"},{"ID":"809","Nombre":"Murillo"},{"ID":"810","Nombre":"Natagaima"},{"ID":"811","Nombre":"Ortega"},{"ID":"812","Nombre":"Palocabildo"},{"ID":"813","Nombre":"Piedras"},{"ID":"814","Nombre":"Planadas"},{"ID":"815","Nombre":"Prado"},{"ID":"816","Nombre":"Purificación"},{"ID":"817","Nombre":"Rio Blanco"},{"ID":"818","Nombre":"Roncesvalles"},{"ID":"819","Nombre":"Rovira"},{"ID":"820","Nombre":"Saldaña"},{"ID":"821","Nombre":"Santa Isabel"},{"ID":"822","Nombre":"Venadillo"},{"ID":"823","Nombre":"Villahermosa"},{"ID":"824","Nombre":"Villarrica"},{"ID":"825","Nombre":"Arauquita"},{"ID":"826","Nombre":"Cravo Norte"},{"ID":"827","Nombre":"Fortul"},{"ID":"828","Nombre":"Puerto Rondón"},{"ID":"829","Nombre":"Saravena"},{"ID":"830","Nombre":"Tame"},{"ID":"831","Nombre":"Arauca"},{"ID":"832","Nombre":"Yopal"},{"ID":"833","Nombre":"Aguazul"},{"ID":"834","Nombre":"Chámeza"},{"ID":"835","Nombre":"Hato Corozal"},{"ID":"836","Nombre":"La Salina"},{"ID":"837","Nombre":"Monterrey"},{"ID":"838","Nombre":"Pore"},{"ID":"839","Nombre":"Recetor"},{"ID":"840","Nombre":"Sabanalarga"},{"ID":"841","Nombre":"Sácama"},{"ID":"842","Nombre":"Tauramena"},{"ID":"843","Nombre":"Trinidad"},{"ID":"844","Nombre":"Villanueva"},{"ID":"845","Nombre":"Mocoa"},{"ID":"846","Nombre":"Colón"},{"ID":"847","Nombre":"Orito"},{"ID":"848","Nombre":"Puerto Caicedo"},{"ID":"849","Nombre":"Puerto Guzmán"},{"ID":"850","Nombre":"Leguízamo"},{"ID":"851","Nombre":"Sibundoy"},{"ID":"852","Nombre":"San Francisco"},{"ID":"853","Nombre":"San Miguel"},{"ID":"854","Nombre":"Santiago"},{"ID":"855","Nombre":"Leticia"},{"ID":"856","Nombre":"El Encanto"},{"ID":"857","Nombre":"La Chorrera"},{"ID":"858","Nombre":"La Pedrera"},{"ID":"859","Nombre":"La Victoria"},{"ID":"860","Nombre":"Puerto Arica"},{"ID":"861","Nombre":"Puerto Nariño"},{"ID":"862","Nombre":"Puerto Santander"},{"ID":"863","Nombre":"Tarapacá"},{"ID":"864","Nombre":"Inírida"},{"ID":"865","Nombre":"Barranco Minas"},{"ID":"866","Nombre":"Mapiripana"},{"ID":"867","Nombre":"San Felipe"},{"ID":"868","Nombre":"Puerto Colombia"},{"ID":"869","Nombre":"La Guadalupe"},{"ID":"870","Nombre":"Cacahual"},{"ID":"871","Nombre":"Pana Pana"},{"ID":"872","Nombre":"Morichal"},{"ID":"873","Nombre":"Mitú"},{"ID":"874","Nombre":"Caruru"},{"ID":"875","Nombre":"Pacoa"},{"ID":"876","Nombre":"Taraira"},{"ID":"877","Nombre":"Papunaua"},{"ID":"878","Nombre":"Puerto Carreño"},{"ID":"879","Nombre":"La Primavera"},{"ID":"880","Nombre":"Santa Rosalía"},{"ID":"881","Nombre":"Cumaribo"},{"ID":"882","Nombre":"San José del Fragua"},{"ID":"883","Nombre":"Barranca de Upía"},{"ID":"884","Nombre":"Palmas del Socorro"},{"ID":"885","Nombre":"San Juan de Río Seco"},{"ID":"886","Nombre":"Juan de Acosta"},{"ID":"887","Nombre":"Fuente de Oro"},{"ID":"888","Nombre":"San Luis de Gaceno"},{"ID":"889","Nombre":"El Litoral del San Juan"},{"ID":"890","Nombre":"Villa de San Diego de Ubate"},{"ID":"891","Nombre":"Barranco de Loba"},{"ID":"892","Nombre":"Togüí"},{"ID":"893","Nombre":"Santa Rosa del Sur"},{"ID":"894","Nombre":"El Cantón del San Pablo"},{"ID":"895","Nombre":"Villa de Leyva"},{"ID":"896","Nombre":"San Sebastián de Buenavista"},{"ID":"897","Nombre":"Paz de Río"},{"ID":"898","Nombre":"Hatillo de Loba"},{"ID":"899","Nombre":"Sabanas de San Angel"},{"ID":"900","Nombre":"Calamar"},{"ID":"901","Nombre":"Río de Oro"},{"ID":"902","Nombre":"San Pedro de Uraba"},{"ID":"903","Nombre":"San José del Guaviare"},{"ID":"904","Nombre":"Santa Rosa de Viterbo"},{"ID":"905","Nombre":"Santander de Quilichao"},{"ID":"906","Nombre":"Miraflores"},{"ID":"907","Nombre":"Santafé de Antioquia"},{"ID":"908","Nombre":"San Carlos de Guaroa"},{"ID":"909","Nombre":"Palmar de Varela"},{"ID":"910","Nombre":"Santa Rosa de Osos"},{"ID":"911","Nombre":"San Andrés de Cuerquía"},{"ID":"912","Nombre":"Valle de San Juan"},{"ID":"913","Nombre":"San Vicente de Chucurí"},{"ID":"914","Nombre":"San José de Miranda"},{"ID":"915","Nombre":"Providencia"},{"ID":"916","Nombre":"Santa Rosa de Cabal"},{"ID":"917","Nombre":"Guayabal de Siquima"},{"ID":"918","Nombre":"Belén de Los Andaquies"},{"ID":"919","Nombre":"Paz de Ariporo"},{"ID":"920","Nombre":"Santa Helena del Opón"},{"ID":"921","Nombre":"San Pablo de Borbur"},{"ID":"922","Nombre":"La Jagua del Pilar"},{"ID":"923","Nombre":"La Jagua de Ibirico"},{"ID":"924","Nombre":"San Luis de Sincé"},{"ID":"925","Nombre":"San Luis de Gaceno"},{"ID":"926","Nombre":"El Carmen de Bolívar"},{"ID":"927","Nombre":"El Carmen de Atrato"},{"ID":"928","Nombre":"San Juan de Betulia"},{"ID":"929","Nombre":"Pijiño del Carmen"},{"ID":"930","Nombre":"Vigía del Fuerte"},{"ID":"931","Nombre":"San Martín de Loba"},{"ID":"932","Nombre":"Altos del Rosario"},{"ID":"933","Nombre":"Carmen de Apicala"},{"ID":"934","Nombre":"San Antonio del Tequendama"},{"ID":"935","Nombre":"Sabana de Torres"},{"ID":"936","Nombre":"El Retorno"},{"ID":"937","Nombre":"San José de Uré"},{"ID":"938","Nombre":"San Pedro de Cartago"},{"ID":"939","Nombre":"Campo de La Cruz"},{"ID":"940","Nombre":"San Juan de Arama"},{"ID":"941","Nombre":"San José de La Montaña"},{"ID":"942","Nombre":"Cartagena del Chairá"},{"ID":"943","Nombre":"San José del Palmar"},{"ID":"944","Nombre":"Agua de Dios"},{"ID":"945","Nombre":"San Jacinto del Cauca"},{"ID":"946","Nombre":"San Agustín"},{"ID":"947","Nombre":"El Tablón de Gómez"},{"ID":"948","Nombre":"San Andrés"},{"ID":"949","Nombre":"San José de Pare"},{"ID":"950","Nombre":"Valle de Guamez"},{"ID":"951","Nombre":"San Pablo de Borbur"},{"ID":"952","Nombre":"Santiago de Tolú"},{"ID":"953","Nombre":"Bogotá D.C."},{"ID":"954","Nombre":"Carmen de Carupa"},{"ID":"955","Nombre":"Ciénaga de Oro"},{"ID":"956","Nombre":"San Juan de Urabá"},{"ID":"957","Nombre":"San Juan del Cesar"},{"ID":"958","Nombre":"El Carmen de Chucurí"},{"ID":"959","Nombre":"El Carmen de Viboral"},{"ID":"960","Nombre":"Belén de Umbría"},{"ID":"961","Nombre":"Belén de Bajira"},{"ID":"962","Nombre":"Valle de San José"},{"ID":"963","Nombre":"San Luis"},{"ID":"964","Nombre":"San Miguel de Sema"},{"ID":"965","Nombre":"San Antonio"},{"ID":"966","Nombre":"San Benito"},{"ID":"967","Nombre":"Vergara"},{"ID":"968","Nombre":"San Carlos"},{"ID":"969","Nombre":"Puerto Alegría"},{"ID":"970","Nombre":"Hato"},{"ID":"971","Nombre":"San Jacinto"},{"ID":"972","Nombre":"San Sebastián"},{"ID":"973","Nombre":"San Carlos"},{"ID":"974","Nombre":"Tuta"},{"ID":"975","Nombre":"Silos"},{"ID":"976","Nombre":"Cácota"},{"ID":"977","Nombre":"El Dovio"},{"ID":"978","Nombre":"Toledo"},{"ID":"979","Nombre":"Roldanillo"},{"ID":"980","Nombre":"Mutiscua"},{"ID":"981","Nombre":"Argelia"},{"ID":"982","Nombre":"El Zulia"},{"ID":"983","Nombre":"Salazar"},{"ID":"984","Nombre":"Sevilla"},{"ID":"985","Nombre":"Zarzal"},{"ID":"986","Nombre":"Cucutilla"},{"ID":"987","Nombre":"El Cerrito"},{"ID":"988","Nombre":"Cartago"},{"ID":"989","Nombre":"Caicedonia"},{"ID":"990","Nombre":"Puerto Santander"},{"ID":"991","Nombre":"Gramalote"},{"ID":"992","Nombre":"El Cairo"},{"ID":"993","Nombre":"El Tarra"},{"ID":"994","Nombre":"La Unión"},{"ID":"995","Nombre":"Restrepo"},{"ID":"996","Nombre":"Teorama"},{"ID":"997","Nombre":"Dagua"},{"ID":"998","Nombre":"Arboledas"},{"ID":"999","Nombre":"Guacarí"},{"ID":"1000","Nombre":"Lourdes"},{"ID":"1001","Nombre":"Ansermanuevo"},{"ID":"1002","Nombre":"Bochalema"},{"ID":"1003","Nombre":"Bugalagrande"},{"ID":"1004","Nombre":"Convención"},{"ID":"1005","Nombre":"Hacarí"},{"ID":"1006","Nombre":"La Victoria"},{"ID":"1007","Nombre":"Herrán"},{"ID":"1008","Nombre":"Ginebra"},{"ID":"1009","Nombre":"Yumbo"},{"ID":"1010","Nombre":"Obando"},{"ID":"1011","Nombre":"Tibú"},{"ID":"1012","Nombre":"San Cayetano"},{"ID":"1013","Nombre":"San Calixto"},{"ID":"1014","Nombre":"Bolívar"},{"ID":"1015","Nombre":"La Playa"},{"ID":"1016","Nombre":"Cali"},{"ID":"1017","Nombre":"San Pedro"},{"ID":"1018","Nombre":"Guadalajara de Buga"},{"ID":"1019","Nombre":"Chinácota"},{"ID":"1020","Nombre":"Ragonvalia"},{"ID":"1021","Nombre":"La Esperanza"},{"ID":"1022","Nombre":"Villa del Rosario"},{"ID":"1023","Nombre":"Chitagá"},{"ID":"1024","Nombre":"Calima"},{"ID":"1025","Nombre":"Sardinata"},{"ID":"1026","Nombre":"Andalucía"},{"ID":"1027","Nombre":"Pradera"},{"ID":"1028","Nombre":"Abrego"},{"ID":"1029","Nombre":"Los Patios"},{"ID":"1030","Nombre":"Ocaña"},{"ID":"1031","Nombre":"Bucarasica"},{"ID":"1032","Nombre":"Yotoco"},{"ID":"1033","Nombre":"Palmira"},{"ID":"1034","Nombre":"Riofrío"},{"ID":"1035","Nombre":"Santiago"},{"ID":"1036","Nombre":"Alcalá"},{"ID":"1037","Nombre":"Versalles"},{"ID":"1038","Nombre":"Labateca"},{"ID":"1039","Nombre":"Cachirá"},{"ID":"1040","Nombre":"Villa Caro"},{"ID":"1041","Nombre":"Durania"},{"ID":"1042","Nombre":"El Águila"},{"ID":"1043","Nombre":"Toro"},{"ID":"1044","Nombre":"Candelaria"},{"ID":"1045","Nombre":"La Cumbre"},{"ID":"1046","Nombre":"Ulloa"},{"ID":"1047","Nombre":"Trujillo"},{"ID":"1048","Nombre":"Vijes"},{"ID":"1049","Nombre":"Chimá"},{"ID":"1050","Nombre":"Sampués"},{"ID":"1051","Nombre":"Nunchía"},{"ID":"1052","Nombre":"Pamplona"},{"ID":"1053","Nombre":"Albán"},{"ID":"1054","Nombre":"Yavaraté"},{"ID":"1055","Nombre":"Montelíbano"},{"ID":"1056","Nombre":"Puerto Asís"},{"ID":"1057","Nombre":"Corozal"},{"ID":"1058","Nombre":"Buesaco"},{"ID":"1059","Nombre":"Maní"},{"ID":"1060","Nombre":"El Peñón"},{"ID":"1061","Nombre":"Tuluá"},{"ID":"1062","Nombre":"Casabianca"},{"ID":"1063","Nombre":"Anolaima"},{"ID":"1064","Nombre":"Chía"},{"ID":"1065","Nombre":"San Andrés de Tumaco"},{"ID":"1066","Nombre":"Milán"},{"ID":"1067","Nombre":"Capitanejo"},{"ID":"1068","Nombre":"Anzoátegui"},{"ID":"1069","Nombre":"Florida"},{"ID":"1070","Nombre":"Repelón"},{"ID":"1071","Nombre":"Frontino"},{"ID":"1072","Nombre":"El Peñón"},{"ID":"1073","Nombre":"Pamplonita"},{"ID":"1074","Nombre":"Miriti Paraná"},{"ID":"1075","Nombre":"Támara"},{"ID":"1076","Nombre":"Tibasosa"},{"ID":"1077","Nombre":"Páez"},{"ID":"1078","Nombre":"Ibagué"},{"ID":"1079","Nombre":"Puerto Colombia"},{"ID":"1080","Nombre":"Belén"},{"ID":"1081","Nombre":"Sopó"},{"ID":"1082","Nombre":"Carmen del Darien"},{"ID":"1083","Nombre":"Gama"},{"ID":"1084","Nombre":"Sasaima"},{"ID":"1085","Nombre":"Chachagüí"},{"ID":"1086","Nombre":"Cúcuta"},{"ID":"1087","Nombre":"Cartagena"},{"ID":"1088","Nombre":"Granada"},{"ID":"1089","Nombre":"Santa Bárbara de Pinto"},{"ID":"1090","Nombre":"María la Baja"},{"ID":"1091","Nombre":"La Montañita"},{"ID":"1092","Nombre":"San Vicente del Caguán"},{"ID":"1093","Nombre":"El Peñón"},{"ID":"1094","Nombre":"Jardín"},{"ID":"1095","Nombre":"Jamundí"},{"ID":"1096","Nombre":"Tadó"},{"ID":"1097","Nombre":"Orocué"},{"ID":"1098","Nombre":"Líbano"},{"ID":"1099","Nombre":"Yacopí"},{"ID":"1100","Nombre":"Calarcá"},{"ID":"1101","Nombre":"Sonsón"},{"ID":"1102","Nombre":"El Carmen"},{"ID":"1103","Nombre":"Lérida"},{"ID":"1104","Nombre":"La Apartada"},{"ID":"1105","Nombre":"San Cristóbal"},{"ID":"1106","Nombre":"Fusagasugá"},{"ID":"1107","Nombre":"Zambrano"},{"ID":"1108","Nombre":"La Uvita"},{"ID":"1109","Nombre":"Zipaquirá"},{"ID":"1110","Nombre":"Génova"},{"ID":"1111","Nombre":"Suárez"},{"ID":"1112","Nombre":"Castilla la Nueva"},{"ID":"1113","Nombre":"Belén"},{"ID":"1114","Nombre":"Unión Panamericana"},{"ID":"1115","Nombre":"Pueblo Viejo"},{"ID":"1116","Nombre":"Villagarzón"},{"ID":"1117","Nombre":"Facatativá"},{"ID":"1118","Nombre":"Puerto Libertador"},{"ID":"1119","Nombre":"Marquetalia"},{"ID":"1120","Nombre":"Arboleda"},{"ID":"1121","Nombre":"Buenaventura"},{"ID":"1122","Nombre":"Ciénaga"},{"ID":"1123","Nombre":"Ponedera"}],"CapacitacionesSet":[{"ID":"C1","Nombre":"Protocolos de bioseguridad","Nodes":[{"ID":"E1","Nombre":"Luz Elizabeth"},{"ID":"E3","Nombre":"Andrades"},{"ID":"E10","Nombre":"Jhon Stiven"},{"ID":"E11","Nombre":"Miguel "},{"ID":"E12","Nombre":"Mario Orlando"}]},{"ID":"C2","Nombre":"Manejo de residuos sólidos","Nodes":[{"ID":"E2","Nombre":"Sandra"}]},{"ID":"C3","Nombre":"Residuos líquidos peligrosos","Nodes":[{"ID":"E7","Nombre":"Jhon Fredy"}]},{"ID":"C4","Nombre":"Residuos líquidos no peligrosos","Nodes":[{"ID":"E4","Nombre":"Lizeth Gabriela"}]},{"ID":"C5","Nombre":"Riesgo vial","Nodes":[{"ID":"E5","Nombre":"Deyiz Lizeth"},{"ID":"E6","Nombre":"Ricardo Andres"}]},{"ID":"C6","Nombre":"Riesgo biológico"},{"ID":"C7","Nombre":"Riesgo Químico"},{"ID":"C8","Nombre":"Capacitacion en Zoonósis"},{"ID":"C9","Nombre":"Sensibilización colectiva"},{"ID":"C10","Nombre":"Plan de Gestión Integral","Nodes":[{"ID":"E8","Nombre":"Yeferson"}]},{"ID":"C11","Nombre":"Capacitación en Almacenamiento","Nodes":[{"ID":"E9","Nombre":"Javier Humberto"}]},{"ID":"C12","Nombre":"Capacitación en  Eliminación final"}],"EstadosSet":[{"ID":"Asignado","Nodes":[{"ID":"T4","Nodes":[{"ID":"E4"}]},{"ID":"T11","Nodes":[{"ID":"E11"}]}]},{"ID":"En proceso","Nodes":[{"ID":"T5","Nodes":[{"ID":"E5"}]},{"ID":"T6","Nodes":[{"ID":"E6"}]}]},{"ID":"Finalizado","Nodes":[{"ID":"T3","Nodes":[{"ID":"E3"}]},{"ID":"T7","Nodes":[{"ID":"E7"}]},{"ID":"T9","Nodes":[{"ID":"E9"}]},{"ID":"T12","Nodes":[{"ID":"E12"}]}]},{"ID":"Retrasado","Nodes":[{"ID":"T1","Nodes":[{"ID":"E1"}]},{"ID":"T2","Nodes":[{"ID":"E2"}]},{"ID":"T8","Nodes":[{"ID":"E8"}]},{"ID":"T10","Nodes":[{"ID":"E10"}]}]}]}}