[{"ID":"C1","Nombre":"Protocolos de bioseguridad","Empresa":"INVIMA","Mes":"Enero","___FK_d2081ce807d6b07f15706cc7_00037":"E1"},{"ID":"C2","Nombre":"Manejo de residuos sólidos","Empresa":"Ecopetrol","Mes":"Febrero","___FK_d2081ce807d6b07f15706cc7_00037":"E2"},{"ID":"C3","Nombre":"Residuos líquidos peligrosos","Empresa":"Ecopetrol","Mes":"Marzo","___FK_d2081ce807d6b07f15706cc7_00037":"E3"},{"ID":"C4","Nombre":"Residuos líquidos no peligrosos","Empresa":"Ecopetrol","Mes":"Abril","___FK_d2081ce807d6b07f15706cc7_00037":"E4"},{"ID":"C5","Nombre":"Riesgo vial","Empresa":"Frontera","Mes":"Mayo","___FK_d2081ce807d6b07f15706cc7_00037":"E5"},{"ID":"C6","Nombre":"Riesgo biológico","Empresa":"Frontera","Mes":"Junio","___FK_d2081ce807d6b07f15706cc7_00037":"E6"},{"ID":"C7","Nombre":"Riesgo Químico","Empresa":"Geopark","Mes":"Julio","___FK_d2081ce807d6b07f15706cc7_00037":"E7"},{"ID":"C8","Nombre":"Capacitacion en Zoonósis","Empresa":"INVIMA","Mes":"Agosto","___FK_d2081ce807d6b07f15706cc7_00037":"E8"},{"ID":"C9","Nombre":"Sensibilización colectiva","Empresa":"Mintrabajo","Mes":"Septiembre","___FK_d2081ce807d6b07f15706cc7_00037":"E9"},{"ID":"C10","Nombre":"Plan de Gestión Integral","Empresa":"Mintrabajo","Mes":"Octubre","___FK_d2081ce807d6b07f15706cc7_00037":"E10"},{"ID":"C11","Nombre":"Capacitación en Almacenamiento","Empresa":"Mintrabajo","Mes":"Noviembre","___FK_d2081ce807d6b07f15706cc7_00037":"E11"},{"ID":"C12","Nombre":"Capacitación en  Eliminación final","Empresa":"Mintrabajo","Mes":"Diciembre","___FK_d2081ce807d6b07f15706cc7_00037":"E12"}]