[{"ID":"E1","Genero":"Miss","Nombre":"Luz Elizabeth","Apellido":"Garcia","NombreCompleto":"Luz Elizabeth Garcia","Cargo":"Gerente","FotoPerfil":"/webapp/localService/assets/uno.jpg","Ciudad":"Villavicencio","Telefono":"3208191324","Cedula":"40.374.960","CorreoElectronico":"l.garcia@centals.com","EPS":"Medimas","hasmanager":true,"___FK_d2081ce807d6b07f15706cc7_00031":"E3","___FK_d2081ce807d6b07f15706cc7_00033":"E4","___FK_d2081ce807d6b07f15706cc7_00041":"C1","NumTareas":841.49,"___FK_e792372c4ec8d96015706cfe_00004":"T1","___FK_b14b72388be5029c157abc24_00005":"592"},{"ID":"E2","Genero":"Miss","Nombre":"Sandra","Apellido":"Fontecha Pabon","NombreCompleto":"Sandra Fontecha Pabon","Cargo":"Administradora","FotoPerfil":"/webapp/localService/assets/dos.jpg","Ciudad":"Villanueva","Telefono":"3008907654","Cedula":"39.949.640","CorreoElectronico":"s.fontecha@centals.com","EPS":"Medimas","hasmanager":true,"___FK_d2081ce807d6b07f15706cc7_00031":"E2","___FK_d2081ce807d6b07f15706cc7_00033":"E1","___FK_d2081ce807d6b07f15706cc7_00041":"C2","NumTareas":1801.01,"___FK_e792372c4ec8d96015706cfe_00004":"T2","___FK_b14b72388be5029c157abc24_00005":"169"},{"ID":"E3","Genero":"Miss","Nombre":"Andrades","Apellido":"Barrerto","NombreCompleto":"Andrades Barrerto","Cargo":"Auxiliar HSE","FotoPerfil":"/webapp/localService/assets/tres.jpg","Ciudad":"Villanueva","Telefono":"3007865567","Cedula":"7.062.802","CorreoElectronico":"a.barrerto@centals.com","EPS":"Medimas","hasmanager":true,"___FK_d2081ce807d6b07f15706cc7_00031":"","___FK_d2081ce807d6b07f15706cc7_00033":"E1","___FK_d2081ce807d6b07f15706cc7_00041":"C1","NumTareas":1428.87,"___FK_e792372c4ec8d96015706cfe_00004":"T3","___FK_b14b72388be5029c157abc24_00005":"169"},{"ID":"E4","Genero":"Miss","Nombre":"Lizeth Gabriela","Apellido":"Beltran Martinez","NombreCompleto":"Lizeth Gabriela Beltran Martinez","Cargo":"Auxiliar Contable","FotoPerfil":"/webapp/localService/assets/cuatro.jpg","Ciudad":"Villanueva","Telefono":"3109098790","Cedula":"1,118,202,123","CorreoElectronico":"l.beltran@centals.com","EPS":"Medimas","hasmanager":false,"___FK_d2081ce807d6b07f15706cc7_00031":"E12","___FK_d2081ce807d6b07f15706cc7_00033":"E2","___FK_d2081ce807d6b07f15706cc7_00041":"C4","NumTareas":898.69,"___FK_e792372c4ec8d96015706cfe_00004":"T4","___FK_b14b72388be5029c157abc24_00005":"169"},{"ID":"E5","Genero":"Miss","Nombre":"Deyiz Lizeth","Apellido":"Caicedo Garcia","NombreCompleto":"Deyiz Lizeth Caicedo Garcia","Cargo":"Ingeniera Ambiental","FotoPerfil":"/webapp/localService/assets/cinco.jpg","Ciudad":"Villanueva","Telefono":"3184505612","Cedula":"1,121,951,357","CorreoElectronico":"d.caicedo@centals.com","EPS":"Medimas","hasmanager":true,"___FK_d2081ce807d6b07f15706cc7_00031":"","___FK_d2081ce807d6b07f15706cc7_00033":"E6","___FK_d2081ce807d6b07f15706cc7_00041":"C5","NumTareas":1311.95,"___FK_e792372c4ec8d96015706cfe_00004":"T5","___FK_b14b72388be5029c157abc24_00005":"169"},{"ID":"E6","Genero":"Mister ","Nombre":"Ricardo Andres","Apellido":"Becerra","NombreCompleto":"Ricardo Andres Becerra","Cargo":"Conductor Supernumerario","FotoPerfil":"/webapp/localService/assets/seis.jpg","Ciudad":"Tauramena","Telefono":"3046712121","Cedula":"7,062,586","CorreoElectronico":"r.becerra@centals.com","EPS":"Nueva EPS","hasmanager":true,"___FK_d2081ce807d6b07f15706cc7_00031":"E8","___FK_d2081ce807d6b07f15706cc7_00033":"E4","___FK_d2081ce807d6b07f15706cc7_00041":"C5","NumTareas":235.02,"___FK_e792372c4ec8d96015706cfe_00004":"T6","___FK_b14b72388be5029c157abc24_00005":"842"},{"ID":"E7","Genero":"Mister ","Nombre":"Jhon Fredy","Apellido":"Correa","NombreCompleto":"Jhon Fredy Correa","Cargo":"Conductor Supernumerario","FotoPerfil":"/webapp/localService/assets/siete.jpg","Ciudad":"Tauramena","Telefono":"3108906712","Cedula":"1,115,911,517","CorreoElectronico":"j.correa@centals.com","EPS":"Medimas","hasmanager":true,"___FK_d2081ce807d6b07f15706cc7_00031":"","___FK_d2081ce807d6b07f15706cc7_00033":"E6","___FK_d2081ce807d6b07f15706cc7_00041":"C3","NumTareas":4098.69,"___FK_e792372c4ec8d96015706cfe_00004":"T7","___FK_b14b72388be5029c157abc24_00005":"842"},{"ID":"E8","Genero":"Mister ","Nombre":"Yeferson","Apellido":"Gonzales Martinez","NombreCompleto":"Yeferson Gonzales Martinez","Cargo":"Conductor Supernumerario","FotoPerfil":"/webapp/localService/assets/ocho.jpg","Ciudad":"Villanueva","Telefono":"3001904567","Cedula":"1,118,201,696","CorreoElectronico":"y.gonzales@centals.com","EPS":"Nueva EPS","hasmanager":true,"___FK_d2081ce807d6b07f15706cc7_00031":"","___FK_d2081ce807d6b07f15706cc7_00033":"E6","___FK_d2081ce807d6b07f15706cc7_00041":"C10","NumTareas":1300.4,"___FK_e792372c4ec8d96015706cfe_00004":"T8","___FK_b14b72388be5029c157abc24_00005":"169"},{"ID":"E9","Genero":"Mister ","Nombre":"Javier Humberto","Apellido":"Esquivel","NombreCompleto":"Javier Humberto Esquivel","Cargo":"Conductor Supernumerario","FotoPerfil":"/webapp/localService/assets/nueve.jpg","Ciudad":"Villavicencio","Telefono":"3189012156","Cedula":"1,121,821,187","CorreoElectronico":"j.esquivel@centals.com","EPS":"Medimas","hasmanager":true,"___FK_d2081ce807d6b07f15706cc7_00031":"","___FK_d2081ce807d6b07f15706cc7_00033":"E2","___FK_d2081ce807d6b07f15706cc7_00041":"C11","NumTareas":2175.76,"___FK_e792372c4ec8d96015706cfe_00004":"T9","___FK_b14b72388be5029c157abc24_00005":"592"},{"ID":"E10","Genero":"Mister ","Nombre":"Jhon Stiven","Apellido":"Pachon","NombreCompleto":"Jhon Stiven Pachon","Cargo":"Auxiliar Operativo","FotoPerfil":"/webapp/localService/assets/diez.jpg","Ciudad":"Villanueva","Telefono":"3007891212","Cedula":"1,006,534,105","CorreoElectronico":"j.pachon@centals.com","EPS":"Copresoca","hasmanager":true,"___FK_d2081ce807d6b07f15706cc7_00031":"","___FK_d2081ce807d6b07f15706cc7_00033":"E12","___FK_d2081ce807d6b07f15706cc7_00041":"C1","NumTareas":4286.98,"___FK_e792372c4ec8d96015706cfe_00004":"T10","___FK_b14b72388be5029c157abc24_00005":"169"},{"ID":"E11","Genero":"Mister ","Nombre":"Miguel ","Apellido":"Becerra Martinez","NombreCompleto":"Miguel  Becerra Martinez","Cargo":"Conductor Supernumerario","FotoPerfil":"/webapp/localService/assets/once.jpg","Ciudad":"Villanueva","Telefono":"3207654381","Cedula":"7,062,842","CorreoElectronico":"m.becerra@centals.com","EPS":"Nueva EPS","hasmanager":true,"___FK_d2081ce807d6b07f15706cc7_00031":"","___FK_d2081ce807d6b07f15706cc7_00033":"E12","___FK_d2081ce807d6b07f15706cc7_00041":"C1","NumTareas":9119.44,"___FK_e792372c4ec8d96015706cfe_00004":"T11","___FK_b14b72388be5029c157abc24_00005":"169"},{"ID":"E12","Genero":"Mister ","Nombre":"Mario Orlando","Apellido":"Wilches","NombreCompleto":"Mario Orlando Wilches","Cargo":"Conductor","FotoPerfil":"/webapp/localService/assets/doce.jpg","Ciudad":"Tunja","Telefono":"3104096712","Cedula":"7.184.864","CorreoElectronico":"m.wilches@centals.com","EPS":"Medimas","hasmanager":true,"___FK_d2081ce807d6b07f15706cc7_00031":"E11","___FK_d2081ce807d6b07f15706cc7_00033":"E4","___FK_d2081ce807d6b07f15706cc7_00041":"C1","NumTareas":3563.81,"___FK_e792372c4ec8d96015706cfe_00004":"T12","___FK_b14b72388be5029c157abc24_00005":"170"}]