<edmx:Edmx Version="1.0" xmlns:edmx="http://schemas.microsoft.com/ado/2007/06/edmx" xmlns:m="http://schemas.microsoft.com/ado/2007/08/dataservices/metadata" xmlns:sap="http://www.sap.com/Protocols/SAPData">
    <edmx:DataServices m:DataServiceVersion="2.0">
        <Schema Namespace="5e1e8df0c0f82a8315706528" xml:lang="en" sap:schema-version="0000" xmlns="http://schemas.microsoft.com/ado/2008/09/edm">
            <EntityContainer Name="5e1e8df0c0f82a8315706528_Entities" m:IsDefaultEntityContainer="true">
                <EntitySet Name="EmployeeSet" EntityType="5e1e8df0c0f82a8315706528.Employee" sap:creatable="true" sap:updatable="true" sap:deletable="true"/>
                <AssociationSet Name="EmployeeReportingtoEmployee" Association="5e1e8df0c0f82a8315706528.EmployeeReportingtoEmployee" sap:creatable="true" sap:updatable="true" sap:deletable="true">
                    <End EntitySet="EmployeeSet" Role="FromRole_EmployeeReportingtoEmployee"/>
                    <End EntitySet="EmployeeSet" Role="ToRole_EmployeeReportingtoEmployee"/>
                </AssociationSet>
                <AssociationSet Name="EmployeeManagingEmployee" Association="5e1e8df0c0f82a8315706528.EmployeeManagingEmployee" sap:creatable="true" sap:updatable="true" sap:deletable="true">
                    <End EntitySet="EmployeeSet" Role="FromRole_EmployeeManagingEmployee"/>
                    <End EntitySet="EmployeeSet" Role="ToRole_EmployeeManagingEmployee"/>
                </AssociationSet>
                <AssociationSet Name="EmployeecapacitacionCapacitaciones" Association="5e1e8df0c0f82a8315706528.EmployeecapacitacionCapacitaciones" sap:creatable="true" sap:updatable="true" sap:deletable="true">
                    <End EntitySet="EmployeeSet" Role="FromRole_EmployeecapacitacionCapacitaciones"/>
                    <End EntitySet="CapacitacionesSet" Role="ToRole_EmployeecapacitacionCapacitaciones"/>
                </AssociationSet>
                <AssociationSet Name="EmployeetasksTask" Association="5e1e8df0c0f82a8315706528.EmployeetasksTask" sap:creatable="true" sap:updatable="true" sap:deletable="true">
                    <End EntitySet="EmployeeSet" Role="FromRole_EmployeetasksTask"/>
                    <End EntitySet="TaskSet" Role="ToRole_EmployeetasksTask"/>
                </AssociationSet>
                <AssociationSet Name="Employeeciudad1Ciudad" Association="5e1e8df0c0f82a8315706528.Employeeciudad1Ciudad" sap:creatable="true" sap:updatable="true" sap:deletable="true">
                    <End EntitySet="EmployeeSet" Role="FromRole_Employeeciudad1Ciudad"/>
                    <End EntitySet="CiudadSet" Role="ToRole_Employeeciudad1Ciudad"/>
                </AssociationSet>
                <EntitySet Name="TaskSet" EntityType="5e1e8df0c0f82a8315706528.Task" sap:creatable="true" sap:updatable="true" sap:deletable="true"/>
                <AssociationSet Name="TasktasksEmployee" Association="5e1e8df0c0f82a8315706528.TasktasksEmployee" sap:creatable="true" sap:updatable="true" sap:deletable="true">
                    <End EntitySet="TaskSet" Role="FromRole_TasktasksEmployee"/>
                    <End EntitySet="EmployeeSet" Role="ToRole_TasktasksEmployee"/>
                </AssociationSet>
                <AssociationSet Name="TaskEstadosEstados" Association="5e1e8df0c0f82a8315706528.TaskEstadosEstados" sap:creatable="true" sap:updatable="true" sap:deletable="true">
                    <End EntitySet="TaskSet" Role="FromRole_TaskEstadosEstados"/>
                    <End EntitySet="EstadosSet" Role="ToRole_TaskEstadosEstados"/>
                </AssociationSet>
                <EntitySet Name="CiudadSet" EntityType="5e1e8df0c0f82a8315706528.Ciudad" sap:creatable="true" sap:updatable="true" sap:deletable="true"/>
                <EntitySet Name="CapacitacionesSet" EntityType="5e1e8df0c0f82a8315706528.Capacitaciones" sap:creatable="true" sap:updatable="true" sap:deletable="true"/>
                <AssociationSet Name="CapacitacionesAprobadaEmployee" Association="5e1e8df0c0f82a8315706528.CapacitacionesAprobadaEmployee" sap:creatable="true" sap:updatable="true" sap:deletable="true">
                    <End EntitySet="CapacitacionesSet" Role="FromRole_CapacitacionesAprobadaEmployee"/>
                    <End EntitySet="EmployeeSet" Role="ToRole_CapacitacionesAprobadaEmployee"/>
                </AssociationSet>
                <EntitySet Name="EstadosSet" EntityType="5e1e8df0c0f82a8315706528.Estados" sap:creatable="true" sap:updatable="true" sap:deletable="true"/>
                <AssociationSet Name="EstadosTaskTask" Association="5e1e8df0c0f82a8315706528.EstadosTaskTask" sap:creatable="true" sap:updatable="true" sap:deletable="true">
                    <End EntitySet="EstadosSet" Role="FromRole_EstadosTaskTask"/>
                    <End EntitySet="TaskSet" Role="ToRole_EstadosTaskTask"/>
                </AssociationSet>
            </EntityContainer>
            <EntityType Name="Employee">
                <Key>
                    <PropertyRef Name="ID"/>
                </Key>
                <Property Name="ID" Type="Edm.String" sap:creatable="true" sap:updatable="true" sap:deletable="true" sap:label="ID"/>
                <Property Name="Genero" Type="Edm.String" sap:creatable="true" sap:updatable="true" sap:deletable="true" sap:label="Genero"/>
                <Property Name="Nombre" Type="Edm.String" sap:creatable="true" sap:updatable="true" sap:deletable="true" sap:label="Nombre"/>
                <Property Name="Apellido" Type="Edm.String" sap:creatable="true" sap:updatable="true" sap:deletable="true" sap:label="Apellido"/>
                <Property Name="NombreCompleto" Type="Edm.String" sap:creatable="true" sap:updatable="true" sap:deletable="true" sap:label="NombreCompleto"/>
                <Property Name="Cargo" Type="Edm.String" sap:creatable="true" sap:updatable="true" sap:deletable="true" sap:label="Cargo"/>
                <Property Name="FotoPerfil" Type="Edm.String" sap:creatable="true" sap:updatable="true" sap:deletable="true" sap:label="FotoPerfil"/>
                <Property Name="Ciudad" Type="Edm.String" sap:creatable="true" sap:updatable="true" sap:deletable="true" sap:label="Ciudad"/>
                <Property Name="Telefono" Type="Edm.String" sap:creatable="true" sap:updatable="true" sap:deletable="true" sap:label="Telefono"/>
                <Property Name="Cedula" Type="Edm.String" sap:creatable="true" sap:updatable="true" sap:deletable="true" sap:label="Cedula"/>
                <Property Name="CorreoElectronico" Type="Edm.String" sap:creatable="true" sap:updatable="true" sap:deletable="true" sap:label="CorreoElectronico"/>
                <Property Name="EPS" Type="Edm.String" sap:creatable="true" sap:updatable="true" sap:deletable="true" sap:label="EPS"/>
                <Property Name="hasmanager" Type="Edm.Boolean" sap:creatable="true" sap:updatable="true" sap:deletable="true" sap:label="hasmanager"/>
                <Property Name="___FK_d2081ce807d6b07f15706cc7_00031" Type="Edm.String" sap:creatable="true" sap:updatable="true" sap:deletable="true" sap:label="___FK_d2081ce807d6b07f15706cc7_00031"/>
                <Property Name="___FK_d2081ce807d6b07f15706cc7_00033" Type="Edm.String" sap:creatable="true" sap:updatable="true" sap:deletable="true" sap:label="___FK_d2081ce807d6b07f15706cc7_00033"/>
                <Property Name="___FK_d2081ce807d6b07f15706cc7_00041" Type="Edm.String" sap:creatable="true" sap:updatable="true" sap:deletable="true" sap:label="___FK_d2081ce807d6b07f15706cc7_00041"/>
                <Property Name="NumTareas" Type="Edm.Decimal" sap:creatable="true" sap:updatable="true" sap:deletable="true" sap:calculated="{&quot;calculation&quot;:&quot;[{\&quot;label\&quot;:\&quot;PROPERTY\&quot;,\&quot;name\&quot;:\&quot;property\&quot;,\&quot;entityId\&quot;:\&quot;Task\&quot;,\&quot;navPropId\&quot;:\&quot;tasks\&quot;,\&quot;navPropOp\&quot;:\&quot;count\&quot;,\&quot;propertyId\&quot;:\&quot;ID\&quot;,\&quot;type\&quot;:\&quot;property\&quot;,\&quot;propertyType\&quot;:\&quot;String\&quot;,\&quot;isNewLine\&quot;:false,\&quot;id\&quot;:1,\&quot;computedType\&quot;:\&quot;number\&quot;,\&quot;navPropName\&quot;:\&quot;tasks\&quot;,\&quot;entityName\&quot;:\&quot;Task\&quot;,\&quot;propertyName\&quot;:\&quot;ID\&quot;}]&quot;,&quot;inputProperties&quot;:[{&quot;_id&quot;:&quot;60ad9b128e24a679b79e18cc&quot;,&quot;navPropId&quot;:&quot;tasks&quot;,&quot;entityId&quot;:&quot;Task&quot;,&quot;propertyId&quot;:&quot;ID&quot;}]}" sap:label="NumTareas"/>
                <Property Name="___FK_e792372c4ec8d96015706cfe_00004" Type="Edm.String" sap:creatable="true" sap:updatable="true" sap:deletable="true" sap:label="___FK_e792372c4ec8d96015706cfe_00004"/>
                <Property Name="___FK_b14b72388be5029c157abc24_00005" Type="Edm.String" sap:creatable="true" sap:updatable="true" sap:deletable="true" sap:label="___FK_b14b72388be5029c157abc24_00005"/>
                <NavigationProperty Name="Reportingto" Relationship="5e1e8df0c0f82a8315706528.EmployeeReportingtoEmployee" FromRole="FromRole_EmployeeReportingtoEmployee" ToRole="ToRole_EmployeeReportingtoEmployee"/>
                <NavigationProperty Name="Managing" Relationship="5e1e8df0c0f82a8315706528.EmployeeManagingEmployee" FromRole="FromRole_EmployeeManagingEmployee" ToRole="ToRole_EmployeeManagingEmployee"/>
                <NavigationProperty Name="capacitacion" Relationship="5e1e8df0c0f82a8315706528.EmployeecapacitacionCapacitaciones" FromRole="FromRole_EmployeecapacitacionCapacitaciones" ToRole="ToRole_EmployeecapacitacionCapacitaciones"/>
                <NavigationProperty Name="tasks" Relationship="5e1e8df0c0f82a8315706528.EmployeetasksTask" FromRole="FromRole_EmployeetasksTask" ToRole="ToRole_EmployeetasksTask"/>
                <NavigationProperty Name="ciudad1" Relationship="5e1e8df0c0f82a8315706528.Employeeciudad1Ciudad" FromRole="FromRole_Employeeciudad1Ciudad" ToRole="ToRole_Employeeciudad1Ciudad"/>
            </EntityType>
            <Association Name="EmployeeReportingtoEmployee">
                <End Type="5e1e8df0c0f82a8315706528.Employee" Multiplicity="1" Role="FromRole_EmployeeReportingtoEmployee"/>
                <End Type="5e1e8df0c0f82a8315706528.Employee" Multiplicity="1" Role="ToRole_EmployeeReportingtoEmployee"/>
                <ReferentialConstraint>
                    <Principal Role="ToRole_EmployeeReportingtoEmployee">
                        <PropertyRef Name="ID"/>
                    </Principal>
                    <Dependent Role="FromRole_EmployeeReportingtoEmployee">
                        <PropertyRef Name="___FK_d2081ce807d6b07f15706cc7_00031"/>
                    </Dependent>
                </ReferentialConstraint>
            </Association>
            <Association Name="EmployeeManagingEmployee">
                <End Type="5e1e8df0c0f82a8315706528.Employee" Multiplicity="1" Role="FromRole_EmployeeManagingEmployee"/>
                <End Type="5e1e8df0c0f82a8315706528.Employee" Multiplicity="*" Role="ToRole_EmployeeManagingEmployee"/>
                <ReferentialConstraint>
                    <Principal Role="FromRole_EmployeeManagingEmployee">
                        <PropertyRef Name="ID"/>
                    </Principal>
                    <Dependent Role="ToRole_EmployeeManagingEmployee">
                        <PropertyRef Name="___FK_d2081ce807d6b07f15706cc7_00033"/>
                    </Dependent>
                </ReferentialConstraint>
            </Association>
            <Association Name="EmployeecapacitacionCapacitaciones">
                <End Type="5e1e8df0c0f82a8315706528.Employee" Multiplicity="1" Role="FromRole_EmployeecapacitacionCapacitaciones"/>
                <End Type="5e1e8df0c0f82a8315706528.Capacitaciones" Multiplicity="*" Role="ToRole_EmployeecapacitacionCapacitaciones"/>
                <ReferentialConstraint>
                    <Principal Role="FromRole_EmployeecapacitacionCapacitaciones">
                        <PropertyRef Name="ID"/>
                    </Principal>
                    <Dependent Role="ToRole_EmployeecapacitacionCapacitaciones">
                        <PropertyRef Name="___FK_d2081ce807d6b07f15706cc7_00037"/>
                    </Dependent>
                </ReferentialConstraint>
            </Association>
            <Association Name="EmployeetasksTask">
                <End Type="5e1e8df0c0f82a8315706528.Employee" Multiplicity="1" Role="FromRole_EmployeetasksTask"/>
                <End Type="5e1e8df0c0f82a8315706528.Task" Multiplicity="*" Role="ToRole_EmployeetasksTask"/>
                <ReferentialConstraint>
                    <Principal Role="FromRole_EmployeetasksTask">
                        <PropertyRef Name="ID"/>
                    </Principal>
                    <Dependent Role="ToRole_EmployeetasksTask">
                        <PropertyRef Name="___FK_e792372c4ec8d96015706cfe_00002"/>
                    </Dependent>
                </ReferentialConstraint>
            </Association>
            <Association Name="Employeeciudad1Ciudad">
                <End Type="5e1e8df0c0f82a8315706528.Employee" Multiplicity="1" Role="FromRole_Employeeciudad1Ciudad"/>
                <End Type="5e1e8df0c0f82a8315706528.Ciudad" Multiplicity="1" Role="ToRole_Employeeciudad1Ciudad"/>
                <ReferentialConstraint>
                    <Principal Role="ToRole_Employeeciudad1Ciudad">
                        <PropertyRef Name="ID"/>
                    </Principal>
                    <Dependent Role="FromRole_Employeeciudad1Ciudad">
                        <PropertyRef Name="___FK_b14b72388be5029c157abc24_00005"/>
                    </Dependent>
                </ReferentialConstraint>
            </Association>
            <EntityType Name="Task">
                <Key>
                    <PropertyRef Name="ID"/>
                </Key>
                <Property Name="ID" Type="Edm.String" sap:creatable="true" sap:updatable="true" sap:deletable="true" sap:label="ID"/>
                <Property Name="Nombre" Type="Edm.String" sap:creatable="true" sap:updatable="true" sap:deletable="true" sap:label="Nombre"/>
                <Property Name="Descripcion" Type="Edm.String" sap:creatable="true" sap:updatable="true" sap:deletable="true" sap:label="Descripcion"/>
                <Property Name="FechaInicio" Type="Edm.DateTime" sap:creatable="true" sap:updatable="true" sap:deletable="true" sap:display-format="Date" sap:label="FechaInicio"/>
                <Property Name="FechaFin" Type="Edm.String" sap:creatable="true" sap:updatable="true" sap:deletable="true" sap:label="FechaFin"/>
                <Property Name="Estado" Type="Edm.String" sap:creatable="true" sap:updatable="true" sap:deletable="true" sap:label="Estado"/>
                <Property Name="FechaEsperada" Type="Edm.DateTime" sap:creatable="true" sap:updatable="true" sap:deletable="true" sap:display-format="Date" sap:label="FechaEsperada"/>
                <Property Name="___FK_e792372c4ec8d96015706cfe_00002" Type="Edm.String" sap:creatable="true" sap:updatable="true" sap:deletable="true" sap:label="___FK_e792372c4ec8d96015706cfe_00002"/>
                <Property Name="TaskLevel" Type="Edm.String" sap:creatable="true" sap:updatable="true" sap:deletable="true" sap:calculated="{&quot;calculation&quot;:&quot;[{\&quot;label\&quot;:\&quot;IF\&quot;,\&quot;name\&quot;:\&quot;if\&quot;,\&quot;type\&quot;:\&quot;condition\&quot;,\&quot;condition\&quot;:[{\&quot;label\&quot;:\&quot;=\&quot;,\&quot;name\&quot;:\&quot;equals\&quot;,\&quot;type\&quot;:\&quot;operator\&quot;,\&quot;left\&quot;:[{\&quot;label\&quot;:\&quot;PROPERTY\&quot;,\&quot;name\&quot;:\&quot;property\&quot;,\&quot;entityId\&quot;:\&quot;Task\&quot;,\&quot;navPropId\&quot;:\&quot;\&quot;,\&quot;navPropOp\&quot;:null,\&quot;propertyId\&quot;:\&quot;Estado\&quot;,\&quot;type\&quot;:\&quot;property\&quot;,\&quot;propertyType\&quot;:\&quot;String\&quot;,\&quot;isNewLine\&quot;:false,\&quot;id\&quot;:3,\&quot;computedType\&quot;:\&quot;string\&quot;,\&quot;entityName\&quot;:\&quot;Task\&quot;,\&quot;propertyName\&quot;:\&quot;Estado\&quot;}],\&quot;right\&quot;:[{\&quot;label\&quot;:\&quot;VALUE\&quot;,\&quot;name\&quot;:\&quot;value\&quot;,\&quot;type\&quot;:\&quot;value\&quot;,\&quot;value\&quot;:\&quot;En Proceso\&quot;,\&quot;isNewLine\&quot;:false,\&quot;id\&quot;:4,\&quot;computedType\&quot;:\&quot;string\&quot;}],\&quot;displayLabel\&quot;:\&quot;=\&quot;,\&quot;isNewLine\&quot;:false,\&quot;id\&quot;:2,\&quot;computedType\&quot;:\&quot;boolean\&quot;}],\&quot;then\&quot;:[{\&quot;label\&quot;:\&quot;VALUE\&quot;,\&quot;name\&quot;:\&quot;value\&quot;,\&quot;type\&quot;:\&quot;value\&quot;,\&quot;value\&quot;:\&quot;Warning\&quot;,\&quot;isNewLine\&quot;:false,\&quot;id\&quot;:5,\&quot;computedType\&quot;:\&quot;string\&quot;}],\&quot;else\&quot;:[{\&quot;label\&quot;:\&quot;IF\&quot;,\&quot;name\&quot;:\&quot;if\&quot;,\&quot;type\&quot;:\&quot;condition\&quot;,\&quot;condition\&quot;:[{\&quot;label\&quot;:\&quot;=\&quot;,\&quot;name\&quot;:\&quot;equals\&quot;,\&quot;type\&quot;:\&quot;operator\&quot;,\&quot;left\&quot;:[{\&quot;label\&quot;:\&quot;PROPERTY\&quot;,\&quot;name\&quot;:\&quot;property\&quot;,\&quot;entityId\&quot;:\&quot;Task\&quot;,\&quot;navPropId\&quot;:\&quot;\&quot;,\&quot;navPropOp\&quot;:null,\&quot;propertyId\&quot;:\&quot;Estado\&quot;,\&quot;type\&quot;:\&quot;property\&quot;,\&quot;propertyType\&quot;:\&quot;String\&quot;,\&quot;isNewLine\&quot;:false,\&quot;id\&quot;:8,\&quot;computedType\&quot;:\&quot;string\&quot;,\&quot;entityName\&quot;:\&quot;Task\&quot;,\&quot;propertyName\&quot;:\&quot;Estado\&quot;}],\&quot;right\&quot;:[{\&quot;label\&quot;:\&quot;VALUE\&quot;,\&quot;name\&quot;:\&quot;value\&quot;,\&quot;type\&quot;:\&quot;value\&quot;,\&quot;value\&quot;:\&quot;Asignado\&quot;,\&quot;isNewLine\&quot;:false,\&quot;id\&quot;:9,\&quot;computedType\&quot;:\&quot;string\&quot;}],\&quot;displayLabel\&quot;:\&quot;=\&quot;,\&quot;isNewLine\&quot;:false,\&quot;id\&quot;:7,\&quot;computedType\&quot;:\&quot;boolean\&quot;}],\&quot;then\&quot;:[{\&quot;label\&quot;:\&quot;VALUE\&quot;,\&quot;name\&quot;:\&quot;value\&quot;,\&quot;type\&quot;:\&quot;value\&quot;,\&quot;value\&quot;:\&quot;Warning\&quot;,\&quot;isNewLine\&quot;:false,\&quot;id\&quot;:10,\&quot;computedType\&quot;:\&quot;string\&quot;}],\&quot;else\&quot;:[{\&quot;label\&quot;:\&quot;IF\&quot;,\&quot;name\&quot;:\&quot;if\&quot;,\&quot;type\&quot;:\&quot;condition\&quot;,\&quot;condition\&quot;:[{\&quot;label\&quot;:\&quot;=\&quot;,\&quot;name\&quot;:\&quot;equals\&quot;,\&quot;type\&quot;:\&quot;operator\&quot;,\&quot;left\&quot;:[{\&quot;label\&quot;:\&quot;PROPERTY\&quot;,\&quot;name\&quot;:\&quot;property\&quot;,\&quot;entityId\&quot;:\&quot;Task\&quot;,\&quot;navPropId\&quot;:\&quot;\&quot;,\&quot;navPropOp\&quot;:null,\&quot;propertyId\&quot;:\&quot;Estado\&quot;,\&quot;type\&quot;:\&quot;property\&quot;,\&quot;propertyType\&quot;:\&quot;String\&quot;,\&quot;isNewLine\&quot;:false,\&quot;id\&quot;:13,\&quot;computedType\&quot;:\&quot;string\&quot;,\&quot;entityName\&quot;:\&quot;Task\&quot;,\&quot;propertyName\&quot;:\&quot;Estado\&quot;}],\&quot;right\&quot;:[{\&quot;label\&quot;:\&quot;VALUE\&quot;,\&quot;name\&quot;:\&quot;value\&quot;,\&quot;type\&quot;:\&quot;value\&quot;,\&quot;value\&quot;:\&quot;Retrasado\&quot;,\&quot;isNewLine\&quot;:false,\&quot;id\&quot;:14,\&quot;computedType\&quot;:\&quot;string\&quot;}],\&quot;displayLabel\&quot;:\&quot;=\&quot;,\&quot;isNewLine\&quot;:false,\&quot;id\&quot;:12,\&quot;computedType\&quot;:\&quot;boolean\&quot;}],\&quot;then\&quot;:[{\&quot;label\&quot;:\&quot;VALUE\&quot;,\&quot;name\&quot;:\&quot;value\&quot;,\&quot;type\&quot;:\&quot;value\&quot;,\&quot;value\&quot;:\&quot;Error\&quot;,\&quot;isNewLine\&quot;:false,\&quot;id\&quot;:15,\&quot;computedType\&quot;:\&quot;string\&quot;}],\&quot;else\&quot;:[{\&quot;label\&quot;:\&quot;VALUE\&quot;,\&quot;name\&quot;:\&quot;value\&quot;,\&quot;type\&quot;:\&quot;value\&quot;,\&quot;value\&quot;:\&quot;Success\&quot;,\&quot;isNewLine\&quot;:false,\&quot;id\&quot;:16,\&quot;computedType\&quot;:\&quot;string\&quot;}],\&quot;isNewLine\&quot;:false,\&quot;id\&quot;:11,\&quot;computedType\&quot;:\&quot;string\&quot;}],\&quot;isNewLine\&quot;:false,\&quot;id\&quot;:6,\&quot;computedType\&quot;:\&quot;string\&quot;}],\&quot;isNewLine\&quot;:false,\&quot;id\&quot;:1,\&quot;computedType\&quot;:\&quot;string\&quot;}]&quot;,&quot;inputProperties&quot;:[{&quot;_id&quot;:&quot;60b7f08948c4ce2836792e2f&quot;,&quot;navPropId&quot;:&quot;&quot;,&quot;entityId&quot;:&quot;Task&quot;,&quot;propertyId&quot;:&quot;Estado&quot;},{&quot;_id&quot;:&quot;60b7f08948c4ce2836792e2e&quot;,&quot;navPropId&quot;:&quot;&quot;,&quot;entityId&quot;:&quot;Task&quot;,&quot;propertyId&quot;:&quot;Estado&quot;},{&quot;_id&quot;:&quot;60b7f08948c4ce2836792e2d&quot;,&quot;navPropId&quot;:&quot;&quot;,&quot;entityId&quot;:&quot;Task&quot;,&quot;propertyId&quot;:&quot;Estado&quot;}]}" sap:label="TaskLevel"/>
                <Property Name="___FK_98312a27c779afd815798006_00003" Type="Edm.String" sap:creatable="true" sap:updatable="true" sap:deletable="true" sap:label="___FK_98312a27c779afd815798006_00003"/>
                <NavigationProperty Name="tasks" Relationship="5e1e8df0c0f82a8315706528.TasktasksEmployee" FromRole="FromRole_TasktasksEmployee" ToRole="ToRole_TasktasksEmployee"/>
                <NavigationProperty Name="Estados" Relationship="5e1e8df0c0f82a8315706528.TaskEstadosEstados" FromRole="FromRole_TaskEstadosEstados" ToRole="ToRole_TaskEstadosEstados"/>
            </EntityType>
            <Association Name="TasktasksEmployee">
                <End Type="5e1e8df0c0f82a8315706528.Task" Multiplicity="1" Role="FromRole_TasktasksEmployee"/>
                <End Type="5e1e8df0c0f82a8315706528.Employee" Multiplicity="*" Role="ToRole_TasktasksEmployee"/>
                <ReferentialConstraint>
                    <Principal Role="FromRole_TasktasksEmployee">
                        <PropertyRef Name="ID"/>
                    </Principal>
                    <Dependent Role="ToRole_TasktasksEmployee">
                        <PropertyRef Name="___FK_e792372c4ec8d96015706cfe_00004"/>
                    </Dependent>
                </ReferentialConstraint>
            </Association>
            <Association Name="TaskEstadosEstados">
                <End Type="5e1e8df0c0f82a8315706528.Task" Multiplicity="1" Role="FromRole_TaskEstadosEstados"/>
                <End Type="5e1e8df0c0f82a8315706528.Estados" Multiplicity="*" Role="ToRole_TaskEstadosEstados"/>
                <ReferentialConstraint>
                    <Principal Role="FromRole_TaskEstadosEstados">
                        <PropertyRef Name="ID"/>
                    </Principal>
                    <Dependent Role="ToRole_TaskEstadosEstados">
                        <PropertyRef Name="___FK_98312a27c779afd815798006_00001"/>
                    </Dependent>
                </ReferentialConstraint>
            </Association>
            <EntityType Name="Ciudad">
                <Key>
                    <PropertyRef Name="ID"/>
                </Key>
                <Property Name="ID" Type="Edm.String" sap:creatable="true" sap:updatable="true" sap:deletable="true" sap:label="ID"/>
                <Property Name="Nombre" Type="Edm.String" sap:creatable="true" sap:updatable="true" sap:deletable="true" sap:label="Nombre"/>
            </EntityType>
            <EntityType Name="Capacitaciones">
                <Key>
                    <PropertyRef Name="ID"/>
                </Key>
                <Property Name="ID" Type="Edm.String" sap:creatable="true" sap:updatable="true" sap:deletable="true" sap:label="ID"/>
                <Property Name="Nombre" Type="Edm.String" sap:creatable="true" sap:updatable="true" sap:deletable="true" sap:label="Nombre"/>
                <Property Name="Empresa" Type="Edm.String" sap:creatable="true" sap:updatable="true" sap:deletable="true" sap:label="Empresa"/>
                <Property Name="Mes" Type="Edm.String" sap:creatable="true" sap:updatable="true" sap:deletable="true" sap:label="Mes"/>
                <Property Name="___FK_d2081ce807d6b07f15706cc7_00037" Type="Edm.String" sap:creatable="true" sap:updatable="true" sap:deletable="true" sap:label="___FK_d2081ce807d6b07f15706cc7_00037"/>
                <NavigationProperty Name="Aprobada" Relationship="5e1e8df0c0f82a8315706528.CapacitacionesAprobadaEmployee" FromRole="FromRole_CapacitacionesAprobadaEmployee" ToRole="ToRole_CapacitacionesAprobadaEmployee"/>
            </EntityType>
            <Association Name="CapacitacionesAprobadaEmployee">
                <End Type="5e1e8df0c0f82a8315706528.Capacitaciones" Multiplicity="1" Role="FromRole_CapacitacionesAprobadaEmployee"/>
                <End Type="5e1e8df0c0f82a8315706528.Employee" Multiplicity="*" Role="ToRole_CapacitacionesAprobadaEmployee"/>
                <ReferentialConstraint>
                    <Principal Role="FromRole_CapacitacionesAprobadaEmployee">
                        <PropertyRef Name="ID"/>
                    </Principal>
                    <Dependent Role="ToRole_CapacitacionesAprobadaEmployee">
                        <PropertyRef Name="___FK_d2081ce807d6b07f15706cc7_00041"/>
                    </Dependent>
                </ReferentialConstraint>
            </Association>
            <EntityType Name="Estados">
                <Key>
                    <PropertyRef Name="ID"/>
                </Key>
                <Property Name="ID" Type="Edm.String" sap:creatable="true" sap:updatable="true" sap:deletable="true" sap:label="ID"/>
                <Property Name="Estado" Type="Edm.String" sap:creatable="true" sap:updatable="true" sap:deletable="true" sap:calculated="{&quot;calculation&quot;:&quot;[{\&quot;label\&quot;:\&quot;PROPERTY\&quot;,\&quot;name\&quot;:\&quot;property\&quot;,\&quot;entityId\&quot;:\&quot;Estados\&quot;,\&quot;navPropId\&quot;:\&quot;\&quot;,\&quot;navPropOp\&quot;:null,\&quot;propertyId\&quot;:\&quot;ID\&quot;,\&quot;type\&quot;:\&quot;property\&quot;,\&quot;propertyType\&quot;:\&quot;String\&quot;,\&quot;isNewLine\&quot;:false,\&quot;id\&quot;:1,\&quot;computedType\&quot;:\&quot;string\&quot;,\&quot;entityName\&quot;:\&quot;Estados\&quot;,\&quot;propertyName\&quot;:\&quot;ID\&quot;}]&quot;,&quot;inputProperties&quot;:[{&quot;_id&quot;:&quot;60b6af2f0ea8c32de4456f9c&quot;,&quot;navPropId&quot;:&quot;&quot;,&quot;entityId&quot;:&quot;Estados&quot;,&quot;propertyId&quot;:&quot;ID&quot;}]}" sap:label="Estado"/>
                <Property Name="Numero" Type="Edm.Decimal" sap:creatable="true" sap:updatable="true" sap:deletable="true" sap:calculated="{&quot;calculation&quot;:&quot;[{\&quot;label\&quot;:\&quot;PROPERTY\&quot;,\&quot;name\&quot;:\&quot;property\&quot;,\&quot;entityId\&quot;:\&quot;Task\&quot;,\&quot;navPropId\&quot;:\&quot;Task\&quot;,\&quot;navPropOp\&quot;:\&quot;count\&quot;,\&quot;propertyId\&quot;:\&quot;Estado\&quot;,\&quot;type\&quot;:\&quot;property\&quot;,\&quot;propertyType\&quot;:\&quot;String\&quot;,\&quot;isNewLine\&quot;:true,\&quot;id\&quot;:1,\&quot;computedType\&quot;:\&quot;number\&quot;,\&quot;navPropName\&quot;:\&quot;Task\&quot;,\&quot;entityName\&quot;:\&quot;Task\&quot;,\&quot;propertyName\&quot;:\&quot;Estado\&quot;}]&quot;,&quot;inputProperties&quot;:[{&quot;_id&quot;:&quot;60b6aebb48c4ce28367568d4&quot;,&quot;navPropId&quot;:&quot;Task&quot;,&quot;entityId&quot;:&quot;Task&quot;,&quot;propertyId&quot;:&quot;Estado&quot;}]}" sap:label="Numero"/>
                <Property Name="___FK_98312a27c779afd815798006_00001" Type="Edm.String" sap:creatable="true" sap:updatable="true" sap:deletable="true" sap:label="___FK_98312a27c779afd815798006_00001"/>
                <NavigationProperty Name="Task" Relationship="5e1e8df0c0f82a8315706528.EstadosTaskTask" FromRole="FromRole_EstadosTaskTask" ToRole="ToRole_EstadosTaskTask"/>
            </EntityType>
            <Association Name="EstadosTaskTask">
                <End Type="5e1e8df0c0f82a8315706528.Estados" Multiplicity="1" Role="FromRole_EstadosTaskTask"/>
                <End Type="5e1e8df0c0f82a8315706528.Task" Multiplicity="*" Role="ToRole_EstadosTaskTask"/>
                <ReferentialConstraint>
                    <Principal Role="FromRole_EstadosTaskTask">
                        <PropertyRef Name="ID"/>
                    </Principal>
                    <Dependent Role="ToRole_EstadosTaskTask">
                        <PropertyRef Name="___FK_98312a27c779afd815798006_00003"/>
                    </Dependent>
                </ReferentialConstraint>
            </Association>
        </Schema>
    </edmx:DataServices>
</edmx:Edmx>
