[{"ID":"T1","Nombre":"Recolección de residuos","Descripcion":"Desc 1","FechaInicio":"/Date(1620086400000)/","FechaFin":"","Estado":"Retrasado","FechaEsperada":"/Date(1621728000000)/","___FK_e792372c4ec8d96015706cfe_00002":"E1","TaskLevel":"","___FK_98312a27c779afd815798006_00003":"Retrasado"},{"ID":"T2","Nombre":"Transporte de residuos","Descripcion":"Desc 2","FechaInicio":"/Date(1619222400000)/","FechaFin":"","Estado":"Retrasado","FechaEsperada":"/Date(1621209600000)/","___FK_e792372c4ec8d96015706cfe_00002":"E2","TaskLevel":"","___FK_98312a27c779afd815798006_00003":"Retrasado"},{"ID":"T3","Nombre":"Separación de residuos","Descripcion":"Desc 3","FechaInicio":"/Date(1620518400000)/","FechaFin":"20/5/21","Estado":"Finalizado","FechaEsperada":"/Date(1621468800000)/","___FK_e792372c4ec8d96015706cfe_00002":"E3","TaskLevel":"","___FK_98312a27c779afd815798006_00003":"Finalizado"},{"ID":"T4","Nombre":"Asignar tareas","Descripcion":"Desc 4","FechaInicio":"/Date(1620604800000)/","FechaFin":"","Estado":"Asignado","FechaEsperada":"/Date(1622592000000)/","___FK_e792372c4ec8d96015706cfe_00002":"E4","TaskLevel":"","___FK_98312a27c779afd815798006_00003":"Asignado"},{"ID":"T5","Nombre":"Revisión estado tareas","Descripcion":"Desc 5","FechaInicio":"/Date(1621468800000)/","FechaFin":"","Estado":"En proceso","FechaEsperada":"/Date(1623801600000)/","___FK_e792372c4ec8d96015706cfe_00002":"E5","TaskLevel":"","___FK_98312a27c779afd815798006_00003":"En proceso"},{"ID":"T6","Nombre":"Revisar objetivos del mes","Descripcion":"Desc 6","FechaInicio":"/Date(1617840000000)/","FechaFin":"","Estado":"En proceso","FechaEsperada":"/Date(1620172800000)/","___FK_e792372c4ec8d96015706cfe_00002":"E6","TaskLevel":"","___FK_98312a27c779afd815798006_00003":"En proceso"},{"ID":"T7","Nombre":"Pago nomina","Descripcion":"Desc 7","FechaInicio":"/Date(1619481600000)/","FechaFin":"","Estado":"Finalizado","FechaEsperada":"/Date(1622851200000)/","___FK_e792372c4ec8d96015706cfe_00002":"E7","TaskLevel":"","___FK_98312a27c779afd815798006_00003":"Finalizado"},{"ID":"T8","Nombre":"Revisar estado vehiculos","Descripcion":"Desc 8","FechaInicio":"/Date(1620432000000)/","FechaFin":"","Estado":"Retrasado","FechaEsperada":"/Date(1621209600000)/","___FK_e792372c4ec8d96015706cfe_00002":"E8","TaskLevel":"","___FK_98312a27c779afd815798006_00003":"Retrasado"},{"ID":"T9","Nombre":"Revisar contratos empresas","Descripcion":"Desc 9","FechaInicio":"/Date(1618358400000)/","FechaFin":"30/4/21","Estado":"Finalizado","FechaEsperada":"/Date(1619740800000)/","___FK_e792372c4ec8d96015706cfe_00002":"E9","TaskLevel":"","___FK_98312a27c779afd815798006_00003":"Finalizado"},{"ID":"T10","Nombre":"Inspeccion bodega","Descripcion":"Desc 10","FechaInicio":"/Date(1618272000000)/","FechaFin":"1/5/21","Estado":"Retrasado","FechaEsperada":"/Date(1619308800000)/","___FK_e792372c4ec8d96015706cfe_00002":"E10","TaskLevel":"","___FK_98312a27c779afd815798006_00003":"Retrasado"},{"ID":"T11","Nombre":"Alquiler baños portatiles","Descripcion":"Desc 11","FechaInicio":"/Date(1619913600000)/","FechaFin":"","Estado":"Asignado","FechaEsperada":"/Date(1622592000000)/","___FK_e792372c4ec8d96015706cfe_00002":"E11","TaskLevel":"","___FK_98312a27c779afd815798006_00003":"Asignado"},{"ID":"T12","Nombre":"Revisar normatividad","Descripcion":"Desc 12","FechaInicio":"/Date(1620086400000)/","FechaFin":"15/5/21","Estado":"Finalizado","FechaEsperada":"/Date(1621036800000)/","___FK_e792372c4ec8d96015706cfe_00002":"E12","TaskLevel":"","___FK_98312a27c779afd815798006_00003":"Finalizado"}]